Date,ln(IP),UE,Log(CPI),Log (Core CPI),Log(PPI),PiCPI,PiCCPI,PiPPI,EFFR,COMP,R&R Shock
23743,3.521788323,4.9,3.442978916,3.496507561,3.526360525,1.092907053,0.913248356,1.481508579,3.9,104.9,0
23774,3.52798861,5.1,3.442978916,3.499533282,3.529297384,1.189915953,1.215820448,1.775194546,3.98,104,0
23802,3.541139018,4.7,3.443937535,3.499533282,3.532225644,1.188769019,1.215820448,2.068020524,4.04,106.2,0
23833,3.545485298,4.8,3.446170747,3.499533282,3.529297384,1.379774817,1.215820448,1.775194546,4.09,108,0
23863,3.553260169,4.6,3.449352424,3.505557397,3.532225644,1.601058856,1.818231908,1.76995771,4.1,106.8,0
23894,3.560975057,4.6,3.453473526,3.5085559,3.535145354,1.916379312,1.812738459,2.06192872,4.04,106.4,0
23924,3.570326747,4.4,3.452524009,3.5085559,3.538056564,1.789185108,1.812738459,2.353049741,4.09,105.5,0
23955,3.574545464,4.4,3.451573589,3.505557397,3.540959324,1.597478061,1.51288816,2.643325707,4.12,106.8,0
23986,3.577070414,4.3,3.453789832,3.5085559,3.546739687,1.722530628,1.508324221,3.221361998,4.01,107.7,0
24016,3.58710417,4.2,3.454738149,3.511545439,3.546739687,1.688744928,1.807278106,3.221361998,4.08,108.1,0
24047,3.5912556,4.1,3.457892725,3.511545439,3.555348061,1.715416906,1.807278106,3.785022413,4.1,108.8,0
24077,3.603607473,4,3.461037382,3.517497837,3.555348061,1.901800584,2.099027589,3.785022413,4.32,112,0
24108,3.613377049,4,3.461978854,3.517497837,3.55820113,1.899993824,2.099027589,3.184060586,4.42,114.7,0
24139,3.619840153,3.8,3.468232783,3.523415014,3.55820113,2.525386732,2.3881732,2.890374618,4.6,116.9,0
24167,3.633435452,3.8,3.471345142,3.526360525,3.552486829,2.740760623,2.682724223,2.026118514,4.65,115,0
24198,3.63502235,3.8,3.474447843,3.532225644,3.55820113,2.82770961,3.269236169,2.890374618,4.67,114.2,0
24228,3.644493826,3.9,3.476614021,3.532225644,3.56671182,2.72615974,2.666824708,3.448617607,4.9,113.8,0
24259,3.649194833,3.8,3.477540948,3.532225644,3.572345638,2.406742202,2.366974409,3.720028369,5.17,113.8,0
24289,3.65465285,3.8,3.479700443,3.535145354,3.569532696,2.717643432,2.658945419,3.14761321,5.3,115.6,0
24320,3.655431248,3.8,3.485844856,3.540959324,3.569532696,3.427126674,3.540192705,2.857337244,5.53,111.2,0
24351,3.664712266,3.7,3.488902962,3.543853682,3.56671182,3.51131303,3.529778208,1.997213319,5.4,108.4,0
24381,3.6716163,3.7,3.491951745,3.546739687,3.56671182,3.721359634,3.519424812,1.997213319,5.53,105,0
24412,3.664712266,3.6,3.49286457,3.546739687,3.563882964,3.497184485,3.519424812,0.853490245,5.76,104.7,0
24442,3.667019763,3.8,3.494080376,3.546739687,3.563882964,3.304299379,2.924184959,0.853490245,5.4,105,0
24473,3.671725666,3.9,3.493472658,3.549617387,3.563882964,3.149380385,3.211954942,0.568183347,4.94,104.6,0
24504,3.660317929,3.8,3.496507561,3.549617387,3.56671182,2.827477847,2.620237239,0.851068967,5,103.5,0
24532,3.654665785,3.8,3.496507561,3.552486829,3.575150689,2.51624199,2.612630459,2.266385958,4.53,100.8,0
24563,3.66405127,3.8,3.499533282,3.552486829,3.575150689,2.508543898,2.026118514,1.694955831,4.05,100.1,0
24593,3.655289061,3.8,3.499533282,3.552486829,3.577947893,2.291926144,2.026118514,1.123607327,3.94,101.8,0
24624,3.655164954,3.9,3.505557397,3.55820113,3.577947893,2.801644874,2.59754864,0.560225555,3.98,100.3,0
24654,3.652886925,3.8,3.5085559,3.561046083,3.580737295,2.885545683,2.590072843,1.120459901,3.79,98.9,0
24685,3.671862992,3.8,3.511545439,3.56671182,3.580737295,2.570058311,2.57524961,1.120459901,3.9,98.3,0
24716,3.670236754,3.8,3.514526067,3.569532696,3.583518938,2.562310489,2.567901442,1.680711832,3.99,97.9,0
24746,3.678349205,4,3.517497837,3.572345638,3.586292865,2.554609243,2.560595091,1.95810452,3.88,96.7,0
24777,3.692550209,3.9,3.523415014,3.575150689,3.589059119,3.05504442,2.841100183,2.517615489,4.13,97.6,0
24807,3.703263013,3.8,3.526360525,3.577947893,3.591817741,3.228014881,3.120820645,2.793477733,4.51,98.3,0
24838,3.702185534,3.7,3.529297384,3.583518938,3.597312261,3.582472652,3.390155168,3.342929665,4.6,98.7,0
24869,3.705763611,3.8,3.532225644,3.586292865,3.597312261,3.57180826,3.667547856,3.060044045,4.71,98.4,0
24898,3.708878141,3.7,3.535145354,3.589059119,3.60004824,3.863779271,3.657228962,2.489755162,5.05,98.7,0
24929,3.710325338,3.5,3.538056564,3.591817741,3.602776755,3.8523282,3.933091206,2.762606627,5.76,96.9,0
24959,3.721479743,3.5,3.540959324,3.594568775,3.605497845,4.142604165,4.208194543,2.754995177,6.11,96.8,0
24990,3.72514629,3.7,3.546739687,3.60004824,3.610917913,4.118228997,4.184710994,3.297001924,6.07,96.3,0
25020,3.723611744,3.7,3.552486829,3.602776755,3.610917913,4.393092923,4.173067246,3.018061715,6.02,95.2,0
25051,3.726399202,3.5,3.555348061,3.605497845,3.61361697,4.380262266,3.878602504,3.287967412,6.03,96,0
25082,3.730179734,3.4,3.55820113,3.608211551,3.61361697,4.36750635,3.867885457,3.009803116,5.78,97,0
25112,3.73216162,3.4,3.563882964,3.61361697,3.616308761,4.638512658,4.127133176,3.001589594,5.91,98.8,0
25143,3.745014011,3.4,3.56671182,3.618993327,3.616308761,4.329680575,4.384263786,2.724964245,5.82,99.6,0
25173,3.748166711,3.4,3.572345638,3.618993327,3.621670704,4.598511324,4.104543324,2.985296315,6.02,100.8,0
25204,3.75419892,3.4,3.575150689,3.621670704,3.62700405,4.58533045,3.815176596,2.969178981,6.3,103.9,0
25235,3.760578993,3.4,3.577947893,3.62700405,3.632309103,4.572224934,4.071118506,3.499684204,6.61,105.8,0
25263,3.768390482,3.4,3.586292865,3.632309103,3.63758616,5.114751117,4.324998379,3.753791932,6.79,106.5,-0.245265492
25294,3.764703275,3.4,3.591817741,3.63758616,3.640214282,5.376117689,4.576841846,3.743752707,7.41,108.7,0.40478159
25324,3.760916355,3.4,3.594568775,3.640214282,3.642835516,5.360945061,4.564550749,3.733767044,8.67,110.4,0.203939724
25355,3.770639148,3.5,3.60004824,3.645449896,3.645449896,5.330855345,4.540165578,3.453198354,8.9,111.3,-0.020204749
25385,3.775903123,3.5,3.605497845,3.650658241,3.650658241,5.301101597,4.788148623,3.974032865,8.61,111.4,0.180706548
25416,3.778198999,3.5,3.608211551,3.653252276,3.658420247,5.286348956,4.77544313,4.480327702,9.19,113.1,0.309424111
25447,3.777974908,3.7,3.61361697,3.658420247,3.660994251,5.541583914,5.020869558,4.737728101,9.15,114.1,0.029007549
25477,3.778267588,3.7,3.618993327,3.660994251,3.666122467,5.511036271,4.737728101,4.981370571,9,113.7,0.087546234
25508,3.768796769,3.5,3.624340933,3.666122467,3.663561646,5.762911284,4.712914034,4.725288485,8.85,113.9,-0.005086381
25538,3.766108978,3.5,3.629660094,3.673765816,3.666122467,5.73144566,5.477248965,4.445176257,8.97,114.9,0.064686859
25569,3.747417194,3.9,3.634951112,3.676300672,3.666122467,5.98004233,5.462996749,3.91184166,8.98,115.9,-0.160187965
25600,3.746759136,4.2,3.640214282,3.681351188,3.666122467,6.226638873,5.43471373,3.381336437,8.98,116.4,-0.359948104
25628,3.745458256,4.4,3.645449896,3.683866912,3.668676747,5.915703085,5.155780966,3.109058707,7.76,116.2,-0.139500946
25659,3.742884568,4.6,3.650658241,3.688879454,3.668676747,5.884050002,5.129329439,2.846246466,8.1,116.4,-0.144678147
25689,3.741718553,4.8,3.653252276,3.691376334,3.668676747,5.868350183,5.116205218,2.584123118,7.94,113.9,0.300135547
25720,3.738478815,4.9,3.658420247,3.693866996,3.678829118,5.837200622,4.841709944,3.337922207,7.6,113.6,-0.179523424
25750,3.740930961,5,3.660994251,3.698829785,3.678829118,5.549640545,4.817154367,2.817087697,7.21,112.9,-0.242591347
25781,3.739147098,5.1,3.663561646,3.698829785,3.683866912,5.535009508,4.55775085,2.544666566,6.61,112.6,-0.482564852
25812,3.732228653,5.4,3.668676747,3.703768067,3.683866912,5.505977718,4.534781998,2.287266167,6.29,111,-0.272409182
25842,3.712022086,5.5,3.673765816,3.708682081,3.686376324,5.477248965,4.768783079,2.02538569,6.2,111.2,-0.008899876
25873,3.705947955,5.9,3.678829118,3.713572067,3.691376334,5.448818528,4.744959971,2.781468818,5.6,108.7,-0.346168273
25903,3.728652899,6.1,3.683866912,3.718438256,3.693866996,5.420681784,4.467244005,2.774452863,4.9,106.2,-0.228955199
25934,3.736316322,5.9,3.686376324,3.7208625,3.696351469,5.142521181,4.456182806,3.022900196,4.14,108.1,-0.681540033
25965,3.734407159,5.9,3.686376324,3.723280881,3.701301974,4.616204176,4.192969314,3.517950712,3.72,110,-0.024914804
25993,3.733324478,6,3.688879454,3.728100167,3.703768067,4.342955793,4.423325498,3.509131981,3.71,109.5,-0.065340602
26024,3.738923594,5.9,3.691376334,3.730501129,3.698829785,4.071809302,4.162167469,3.015303817,4.15,108.6,0.460579851
26054,3.743985346,5.9,3.696351469,3.735285827,3.706228092,4.309919248,4.390949262,3.755134565,4.63,108.4,0.002555225
26085,3.748171424,5.9,3.701301974,3.740047741,3.706228092,4.288172748,4.618074506,2.739897419,4.91,108.7,0.342963722
26115,3.745264513,6,3.703768067,3.742420221,3.706228092,4.277381598,4.359043607,2.739897419,5.31,108.3,-0.117032651
26146,3.739444233,6.1,3.706228092,3.744787086,3.708682081,4.266644632,4.595730109,2.481516912,5.56,108.1,0
26177,3.755565667,6,3.708682081,3.744787086,3.716008122,4.000533461,4.101901944,3.214120921,5.55,106.8,0
26207,3.763021711,5.8,3.711130063,3.747148362,3.713572067,3.736424674,3.846628083,2.719574281,5.2,106.5,-0.321616714
26238,3.767258471,6,3.713572067,3.747148362,3.7208625,3.474294844,3.357629553,2.948616565,4.91,105.7,-0.341615174
26268,3.778736154,6,3.716008122,3.751854253,3.7208625,3.214120921,3.341599692,2.699550434,4.14,107.3,-0.919933078
26299,3.80239339,5.8,3.718438256,3.75419892,3.7208625,3.206193246,3.333642027,2.451103101,3.5,111.5,-0.234178189
26330,3.811703098,5.7,3.723280881,3.758871826,3.725693427,3.690455694,3.55909451,2.439145312,3.29,112.7,-0.085532532
26359,3.818992824,5.8,3.723280881,3.758871826,3.730501129,3.440142672,3.077165867,2.67330622,3.83,114.9,0.251523445
26390,3.828980469,5.7,3.725693427,3.761200116,3.73289634,3.431709292,3.069898689,3.406655456,4.17,115.7,-0.104209811
26420,3.82929553,5.7,3.728100167,3.763522997,3.737669618,3.174869831,2.823717018,3.144152583,4.27,119.5,-0.114926071
26451,3.832189443,5.7,3.730501129,3.763522997,3.742420221,2.919915469,2.347525642,3.619212859,4.46,118.8,-0.049854127
26481,3.831981464,5.6,3.73289634,3.768152635,3.737669618,2.912827292,2.573241397,3.144152583,4.55,119.7,0
26512,3.845182103,5.6,3.735285827,3.768152635,3.744787086,2.905773448,2.336554896,3.610500464,4.8,122,0
26543,3.852349431,5.5,3.740047741,3.77505715,3.75419892,3.136565928,3.02700643,3.819079873,4.87,123,0
26573,3.865390412,5.6,3.742420221,3.777348102,3.761200116,3.129015799,3.019973986,4.762804899,5.04,125.2,0
26604,3.877131309,5.3,3.747148362,3.78191432,3.772760938,3.357629553,3.476595784,5.189843813,5.06,127.9,0.035804308
26634,3.888056079,5.2,3.749504076,3.784189634,3.793239469,3.349595443,3.233538064,7.237696947,5.33,131.6,-0.026534458
26665,3.89549517,4.9,3.75419892,3.790984677,3.799973502,3.576066388,3.678575682,7.911100165,5.94,136.1,0.279469799
26696,3.910243423,5,3.761200116,3.797733859,3.80666249,3.791923486,3.886203309,8.096906253,6.58,146.1,0.22536084
26724,3.910175299,4.9,3.770459441,3.80666249,3.817712326,4.717856028,4.779066384,8.721119715,7.09,148.8,0.06443821
26755,3.908175614,5,3.777348102,3.815512105,3.815512105,5.165467486,5.431198935,8.261576552,7.12,153.8,-0.062870984
26785,3.915138148,4.9,3.78191432,3.822098298,3.850147602,5.381415281,5.857530079,11.24779834,7.84,166.3,0.316968398
26816,3.915899482,4.9,3.788724789,3.828641396,3.848017675,5.822366028,6.511839938,10.55974544,8.49,171.9,0.409372351
26846,3.920306602,4.8,3.788724789,3.828641396,3.845883203,5.582844955,6.048876148,10.82135846,10.4,195.1,0.115145981
26877,3.918488062,4.8,3.80666249,3.848017675,3.854393893,7.137666284,7.986504044,10.96068065,10.5,202,0.317612336
26908,3.927138193,4.8,3.811097087,3.850147602,3.862832761,7.104934615,7.509045136,10.8633841,10.78,195,-0.57074652
26938,3.934122992,4.6,3.819907717,3.856510295,3.887730313,7.748749548,7.91621934,12.65301972,10.01,187.5,-0.848026781
26969,3.939229529,4.8,3.826465117,3.864931398,3.906004933,7.931675483,8.301707781,13.3243995,10.03,192.1,-0.094972368
26999,3.936828782,4.9,3.835141961,3.873282177,3.916015027,8.563788516,8.909254319,12.27755573,9.95,206,-0.165076596
27030,3.929825595,5.1,3.845883203,3.88567903,3.925925911,9.168428269,9.469435304,12.5952409,9.65,217.5,-0.206405144
27061,3.926341998,5.2,3.856510295,3.897924081,3.937690752,9.53101798,10.0190222,13.10282624,8.97,239.3,0.20120051
27089,3.926629805,5.1,3.867025639,3.910021003,3.937690752,9.656619839,10.3358513,11.99784262,9.35,233,0.732860238
27120,3.92434478,5.1,3.873282177,3.914021008,3.964615456,9.593407501,9.850890304,14.91033505,10.51,229.4,0.386790923
27150,3.931166592,5.1,3.883623531,3.925925911,3.983413002,10.17092108,10.38276127,13.32653998,11.31,216.9,0.391730703
27181,3.930255774,5.4,3.891820298,3.933784497,3.994524227,10.3095509,10.51431007,14.65065515,11.93,226.9,0.279711177
27211,3.930275412,5.5,3.897924081,3.939638172,4.012772909,10.9199292,11.0996776,16.68897056,12.92,249.9,-0.091264056
27242,3.920962925,5.5,3.910021003,3.953164949,4.032469159,10.3358513,10.51472733,17.80752659,12.01,236.3,-0.021514543
27273,3.921834713,5.9,3.923951576,3.966511191,4.032469159,11.28544895,11.6363589,16.96363973,11.34,229.6,-0.429737764
27303,3.918211815,6,3.931825633,3.974058396,4.037774211,11.19179162,11.75481008,15.00438979,10.06,228.6,-0.283974709
27334,3.885184041,6.6,3.941581808,3.983413002,4.036008985,11.51166906,11.84816036,13.00040521,9.45,223.3,0.336476071
27364,3.849019306,7.2,3.94931879,3.992680908,4.036008985,11.41768291,11.93987313,11.99939585,8.53,207.9,-0.228513035
27395,3.835653709,8.1,3.956996371,3.998200702,4.044804117,11.11131681,11.25216716,11.88782061,7.13,203,-0.353862116
27426,3.811862281,8.1,3.96271612,4.001863709,4.050044303,10.62058242,10.39396284,11.23535511,6.24,199,0.242914555
27454,3.801122729,8.6,3.966511191,4.005513349,4.058717385,9.948555121,9.549234576,12.10266324,5.54,200.8,-0.498506151
27485,3.801844234,8.8,3.970291914,4.009149716,4.06731589,9.700973644,9.512870807,10.27004343,5.49,198.9,-0.63717064
27515,3.799752001,9,3.972176928,4.012772909,4.075841091,8.855339734,8.684699793,9.242808914,5.22,192.5,0.135583607
27546,3.806620267,8.8,3.979681654,4.018183201,4.082609306,8.786135579,8.439870405,8.808507906,5.55,189.9,0.170421746
27576,3.816626022,8.6,3.988984047,4.030694535,4.091005661,9.105996552,9.105636268,7.823275243,6.1,201.3,0.0699576
27607,3.826360536,8.4,3.992680908,4.032469159,4.094344562,8.265990569,7.930420974,6.187540372,6.14,208.4,-0.13645516
27638,3.839161948,8.4,4.000033883,4.041295341,4.096009842,7.608230646,7.478415042,6.354068304,6.24,205.8,-0.113757039
27668,3.84294513,8.4,4.005513349,4.048300624,4.094344562,7.368771579,7.424222737,5.657035149,5.82,197.3,-0.199738131
27699,3.845765675,8.3,4.012772909,4.053522568,4.092676505,7.119110086,7.010956619,5.666751991,5.22,190.8,-0.281410918
27729,3.85813899,8.2,4.018183201,4.058717385,4.094344562,6.886441108,6.603647613,5.833557701,5.2,188.3,0.280342527
27760,3.872930764,7.9,4.021773869,4.062165664,4.099332104,6.477749832,6.396496219,5.452798707,4.87,188.7,-0.090654503
27791,3.88211004,7.7,4.02356438,4.063885355,4.100989105,6.084826042,6.202164531,5.094480162,4.77,193.7,-0.469121453
27820,3.882995762,7.6,4.025351691,4.065602093,4.102643365,5.884050002,6.008874484,4.392598046,4.84,197.3,-0.238927197
27851,3.889157573,7.7,4.027135813,4.069026754,4.105943698,5.684389898,5.987703808,3.862780823,4.82,203.2,0.138867694
27881,3.893535153,7.4,4.032469159,4.072439727,4.109233175,6.029223026,5.966681831,3.339208406,5.29,202.6,-0.297638667
27912,3.893027732,7.6,4.037774211,4.077537444,4.112511866,5.809255683,5.935424265,2.990256017,5.48,210.9,-0.037513364
27942,3.898856709,7.8,4.043051268,4.082609306,4.117409835,5.406722127,5.191477086,2.64041742,5.31,212.8,-0.139103032
27973,3.90587414,7.8,4.048300624,4.087655574,4.12552018,5.561971528,5.518641557,3.117561747,5.29,204.9,-0.043825118
28004,3.908320158,7.6,4.053522568,4.092676505,4.133565275,5.348868495,5.138116399,3.755543383,5.25,199.8,0.018862083
28034,3.908902141,7.7,4.058717385,4.099332104,4.135166557,5.320403606,5.103148001,4.082199452,5.02,194.3,-0.0413941
28065,3.92358392,7.8,4.062165664,4.104294893,4.146304301,4.939275533,5.077232537,5.362779603,4.95,197.3,0.030113033
28095,3.934058432,7.8,4.06731589,4.107589789,4.154184563,4.913268858,4.887240439,5.984000036,4.65,201.9,-0.130775229
28126,3.928760155,7.5,4.072439727,4.11414719,4.158883083,5.066585745,5.198152566,5.955097963,4.61,211.6,-0.096514115
28157,3.94391888,7.6,4.082609306,4.123903364,4.165113633,5.904492584,6.001800973,6.412452817,4.68,212.5,-0.08471272
28185,3.955917395,7.4,4.087655574,4.128745989,4.168214411,6.230388334,6.314389558,6.557104575,4.69,219.2,-0.228217994
28216,3.965387453,7.2,4.094344562,4.135166557,4.171305603,6.720874969,6.61398025,6.536190529,4.73,220.9,-0.048979031
28246,3.972958167,7,4.097672352,4.139955073,4.177459469,6.520319381,6.751534664,6.822629422,5.35,215.5,-0.050660542
28277,3.980023651,7.2,4.102643365,4.14472077,4.182050143,6.48691543,6.718332564,6.953827646,5.39,206.7,-0.145583704
28307,3.981909078,6.9,4.107589789,4.147885329,4.188138442,6.453852114,6.527602315,7.072860636,5.42,203.5,-0.23964892
28338,3.983211864,7,4.112511866,4.151039906,4.195697056,6.421124246,6.338433183,7.017687679,5.9,200.9,0.030461662
28369,3.987885295,6.8,4.115779843,4.154184563,4.200204953,6.225727524,6.150805746,6.663967755,6.14,201.9,0.073246685
28399,3.990344232,6.8,4.120661871,4.157319361,4.204692619,6.194448596,5.798725765,6.952606265,6.47,201.9,-0.025861244
28430,3.990525451,6.8,4.127134385,4.165113633,4.212127598,6.496872119,6.081874004,6.582329673,6.51,209.4,-0.048292817
28460,3.991750587,6.4,4.131961426,4.169761202,4.216562195,6.464553596,6.217141253,6.237763237,6.56,213.2,-0.121818971
28491,3.978527717,6.4,4.138361448,4.172847624,4.228292535,6.59217208,5.870043419,6.940945137,6.7,219.1,-0.205460588
28522,3.982984604,6.3,4.143134726,4.178992036,4.235554731,6.052542039,5.508867182,7.044109766,6.78,220.1,0.106016918
28550,4.00116877,6.3,4.149463861,4.185098925,4.244200318,6.180828737,5.635293655,7.598590698,6.79,228,0.042212119
28581,4.021182297,6.1,4.157319361,4.192680463,4.252771799,6.297479916,5.75139062,8.146619546,6.89,225.5,-0.068913774
28611,4.025255258,6,4.166665224,4.200204953,4.254193263,6.899287149,6.024987945,7.673379423,7.36,232,-0.215945596
28642,4.032745716,5.9,4.17438727,4.209160237,4.264087337,7.174390486,6.44394671,8.203719417,7.6,230,0.243378677
28672,4.032635811,6.2,4.182050143,4.213607983,4.268297869,7.446035367,6.57226539,8.015942784,7.81,229,-0.142442885
28703,4.036342852,5.9,4.188138442,4.219507705,4.276666119,7.562657533,6.846779928,8.096906253,8.04,239.6,-0.063760798
28734,4.038784282,6,4.197201948,4.225372825,4.287715955,8.142210472,7.118826205,8.751100228,8.45,244.1,-0.155583588
28764,4.046999603,5.8,4.206184044,4.232656178,4.300002799,8.552217344,7.533681664,9.53101798,8.96,256.5,0.133367117
28795,4.054251469,5.9,4.212127598,4.239886868,4.309455942,8.499321283,7.47732344,9.732834396,9.76,250.4,0.168270098
28825,4.060117095,6,4.218036035,4.24563401,4.317488114,8.607460877,7.587280826,10.09259186,10.03,250.3,-0.042498838
28856,4.052876526,5.9,4.226833745,4.254193263,4.328098293,8.847229763,8.134563945,9.980575792,10.07,259.5,0
28887,4.05891253,5.9,4.237000863,4.264087337,4.333361463,9.386613623,8.509530053,9.780673192,10.06,270.9,-0.151838459
28915,4.061948773,5.8,4.247065649,4.273884476,4.338597077,9.76017878,8.878555056,9.439675898,10.09,277.7,0.132936285
28946,4.051238712,5.8,4.257030144,4.283586562,4.348986781,9.971078312,9.090609892,9.621498178,10.01,276.9,-0.064314583
28976,4.059033397,5.6,4.268297869,4.294560609,4.359269648,10.16326455,9.435565597,10.50763844,10.24,277.6,0.105398715
29007,4.059268183,5.7,4.279440046,4.304065093,4.375757022,10.5052776,9.490485655,11.16696849,10.29,281.3,0
29037,4.057213664,5.7,4.290459441,4.313480092,4.387014176,10.84092985,9.987210909,11.87163068,10.47,277.8,0.760796682
29068,4.050044303,6,4.300002799,4.321480135,4.399375273,11.18643577,10.19724296,12.2709154,10.94,281.8,0.321732763
29099,4.051431842,5.9,4.309455942,4.329416684,4.409155302,11.22539942,10.40438598,12.14393469,11.43,279.4,-0.224099537
29129,4.057057977,6,4.320151231,4.335982696,4.423648309,11.3967187,10.33265182,12.36455102,13.77,278.1,0
29160,4.05622724,5.9,4.33073334,4.345103281,4.437934267,11.86057424,10.52164131,12.84783248,13.18,283.1,0.044937951
29190,4.056878043,6,4.342505877,4.354141431,4.448516376,12.44698419,10.85074214,13.10282624,13.78,287.5,0
29221,4.061215126,6.3,4.356708827,4.368181228,4.456670178,12.98750814,11.39879647,12.8571885,13.82,288,-0.011142425
29252,4.062110585,6.3,4.369447852,4.379523504,4.461299816,13.24469898,11.54361676,12.79383529,14.13,294.2,0.196964438
29281,4.059164608,6.3,4.383275854,4.394449155,4.469350463,13.62102048,12.05646786,13.07533861,17.19,280.8,1.422218677
29312,4.038824805,6.9,4.393213824,4.40060302,4.485259889,13.61836796,11.70164584,13.62731087,17.61,270.7,-3.220882635
29342,4.013392969,7.5,4.403054002,4.407938016,4.496470769,13.47561325,11.33774076,13.72011215,10.98,263.5,-0.763850029
29373,4.000877849,7.6,4.412798293,4.412798293,4.500920165,13.33582474,10.87332001,12.5163143,9.47,265.1,0
29403,3.993708056,7.8,4.414009681,4.420044702,4.508659286,12.35502394,10.65646097,12.16451094,9.03,282,0.403119427
29434,3.997339781,7.7,4.421247348,4.428433007,4.515245478,12.12445486,10.69528727,11.58702055,9.61,289.2,-0.198147737
29465,4.013608003,7.5,4.429625613,4.439115602,4.519612298,12.01696716,10.96989173,11.04569956,10.87,292.5,0.770871341
29495,4.026283399,7.5,4.439115602,4.445001434,4.53044664,11.89643707,10.90187377,10.67983304,12.81,300.1,1.218139599
29526,4.043479246,7.5,4.449685283,4.453183829,4.539030383,11.89519429,10.80805484,10.10961169,15.85,297.8,1.871416916
29556,4.049059498,7.2,4.458987676,4.460144414,4.550714,11.64817993,10.60029828,10.21976242,18.9,283.5,-0.634159913
29587,4.043326669,7.5,4.468204331,4.470495283,4.561218298,11.14955042,10.23140548,10.45481208,19.08,276.2,0
29618,4.038475905,7.4,4.477336814,4.484131858,4.564348191,10.7888962,10.46083532,10.30483759,15.93,275.7,-0.783484175
29646,4.043933335,7.4,4.484131858,4.492001488,4.569543008,10.08560035,9.755233321,10.01925455,14.7,275.9,0.307378349
29677,4.038130408,7.2,4.489759334,4.496470769,4.571613402,9.654551041,9.586774882,8.635351314,15.72,274.5,0
29707,4.04497398,7.5,4.496470769,4.500920165,4.572646994,9.34167672,9.298214816,7.617622522,18.52,271.8,1.514907827
29738,4.049899694,7.5,4.505349851,4.506454213,4.576770711,9.255155737,9.365591971,7.585054685,19.1,265.8,0
29768,4.056755184,7.2,4.516338972,4.514150788,4.580877493,10.23292918,9.410608574,7.221820781,19.04,276.9,-0.610960625
29799,4.057066627,7.4,4.523960131,4.520701029,4.58394655,10.27127827,9.226802187,6.870107108,17.82,267.9,-0.040543091
29830,4.05075137,7.6,4.533674184,4.527208645,4.588024027,10.40485708,8.809304286,6.841172953,15.87,262.7,0
29860,4.043409099,7.9,4.536891345,4.532599493,4.594109239,9.777574358,8.759805932,6.366259884,15.08,256.3,-0.574393824
29891,4.03268722,8.3,4.541164856,4.537961436,4.593097605,9.147957286,8.47776073,5.406722127,13.31,253.6,-0.355932117
29921,4.021677091,8.5,4.544358047,4.542230386,4.593097605,8.537037078,8.208597228,4.238360456,12.37,250,0.100077618
29952,4.002095858,8.6,4.547541073,4.54648119,4.59511985,7.933674224,7.598590698,3.390155168,13.22,256.8,0
29983,4.021413589,8.9,4.550714,4.549657476,4.59511985,7.337718571,6.552561845,3.077165867,14.78,248.7,1.021145227
30011,4.013913307,9,4.550714,4.550714,4.603168183,6.658214258,5.871251231,3.362517497,14.68,246.4,-0.434757693
30042,4.00511254,9.3,4.553876892,4.550714,4.607168189,6.411755712,5.424323113,3.555478619,14.94,247.5,0
30072,3.998435536,9.4,4.563305982,4.557029811,4.611152258,6.683521282,5.610964605,3.850526338,14.45,245.5,-0.055610132
30103,3.994363993,9.6,4.574710979,4.567468319,4.6121458,6.93611278,6.101410576,3.537508826,14.15,239.4,0
30133,3.990791671,9.8,4.579852378,4.572646994,4.615120517,6.351340572,5.849620668,3.424302342,12.59,241.8,-0.196263006
30164,3.982181331,9.8,4.581901559,4.573679519,4.619073091,5.794142849,5.297848954,3.512654162,10.12,239.3,-0.211245404
30195,3.978419175,10.1,4.581901559,4.576770711,4.623010104,4.822737477,4.956206695,3.498607696,10.31,234.5,0
30225,3.970148507,10.4,4.585987367,4.581901559,4.615120517,4.909602134,4.93020659,2.101127821,9.71,231.2,-0.242448323
30256,3.966641864,10.8,4.584967479,4.58394655,4.616110126,4.380262266,4.598511324,2.301252127,9.2,226.6,0.124723724
30286,3.959770722,10.8,4.581901559,4.584967479,4.615120517,3.754351246,4.273709246,2.202291209,8.95,227.4,0.650729527
30317,3.978471576,10.4,4.58394655,4.587006215,4.616110126,3.640547639,4.052502572,2.099027589,8.68,234.8,0
30348,3.972630686,10.4,4.584967479,4.587006215,4.619073091,3.425347848,3.73487393,2.395324102,8.51,241.5,0.184811932
30376,3.981041477,10.3,4.585987367,4.589040804,4.621043535,3.527336638,3.832680387,1.787535183,8.77,247.9,0.144825631
30407,3.992894908,10.2,4.593097605,4.59511985,4.621043535,3.922071315,4.440584994,1.387534649,8.8,250.2,0
30437,4.000086995,10.1,4.597138014,4.599152114,4.62399194,3.38320324,4.2122303,1.283968256,8.63,248.1,-0.018749408
30468,4.005227333,10.1,4.599152114,4.602165677,4.626931678,2.444113516,3.469735816,1.478587805,8.98,247.3,0
30498,4.020602933,9.4,4.603168183,4.605170186,4.626931678,2.331580531,3.252319171,1.181116093,9.37,256.4,-0.007849593
30529,4.031692261,9.5,4.606169686,4.609162207,4.624972813,2.426812727,3.548268836,0.589972213,9.56,273.7,-0.234486163
30560,4.046810858,9.2,4.609162207,4.611152258,4.627909673,2.726064821,3.43815462,0.489956884,9.45,266.7,0
30590,4.055101182,8.8,4.613138356,4.615120517,4.634728988,2.715098907,3.321895779,1.960847139,9.48,266.4,0.281518879
30621,4.058114439,8.5,4.616110126,4.618086411,4.638604962,3.114264736,3.413986172,2.249483605,9.34,269.1,-0.172426008
30651,4.062845295,8.3,4.619073091,4.620058798,4.642465971,3.717153211,3.509131981,2.734545389,9.47,277.8,0.216897614
30682,4.082872341,8,4.625952725,4.626931678,4.643428898,4.200617563,3.992546241,2.731877208,9.56,280.8,0.257436466
30713,4.087964251,7.8,4.630837933,4.632785353,4.642465971,4.587045407,4.577913766,2.339287957,9.59,280.1,0
30742,4.092579672,7.8,4.633757643,4.634728988,4.642465971,4.777027627,4.568818417,2.142243559,9.91,288.2,-0.100988036
30773,4.098512531,7.7,4.637637376,4.637637376,4.644390899,4.453977137,4.251752599,2.3347364,10.29,285.7,0
30803,4.103474425,7.4,4.639571613,4.639571613,4.642465971,4.243359841,4.041949904,1.84740305,10.32,291,0.173243272
30834,4.107326596,7.2,4.641502115,4.641502115,4.642465971,4.235000157,3.933643827,1.553429296,11.06,286.9,0
30864,4.109989867,7.5,4.645351976,4.644390899,4.64053733,4.21837923,3.922071315,1.360565206,11.23,272,0.326812846
30895,4.110370459,7.5,4.648229675,4.647271362,4.644390899,4.205998913,3.810915475,1.941808586,11.64,276.8,-0.061283935
30926,4.109359604,7.3,4.651099118,4.650143552,4.644390899,4.193691062,3.899129397,1.648122618,11.3,267.1,0
30956,4.108206375,7.4,4.654912278,4.65396035,4.644390899,4.177392225,3.883983332,0.966191091,9.99,266.7,0.035286516
30987,4.111819319,7.2,4.656813419,4.654912278,4.645351976,4.070329311,3.682586663,0.674701355,9.43,268.4,-0.545643144
31017,4.113001108,7.3,4.658710953,4.6558633,4.645351976,3.963786176,3.580450182,0.288600489,8.38,257.2,-0.143610976
31048,4.109978381,7.3,4.660604893,4.658710953,4.650143552,3.465216771,3.177927515,0.671465353,8.35,256.9,0
31079,4.114575202,7.2,4.666265285,4.662495253,4.653007515,3.542735261,2.970989959,1.054154467,8.5,251.9,-0.157752493
31107,4.115885873,7.2,4.670957927,4.667205577,4.650143552,3.720028369,3.247658868,0.76775809,8.58,256.8,0.201275991
31138,4.113841587,7.3,4.672828834,4.670021158,4.651099118,3.519145834,3.238378218,0.670821874,8.27,254.1,0
31168,4.114637265,7.2,4.674696249,4.670021158,4.649187071,3.512463593,3.04495456,0.672110067,7.97,246.8,-0.103948441
31199,4.115305016,7.4,4.677490848,4.671893818,4.642465971,3.598873233,3.03917028,0,7.53,242.6,0
31229,4.109032826,7.4,4.679349584,4.673762977,4.653007515,3.399760854,2.937207831,1.247018558,7.88,237.6,0.060238728
31260,4.112554418,7.1,4.681204872,4.673762977,4.658710953,3.297519682,2.649161545,1.432005377,7.9,233.1,0.186386124
31291,4.117074274,7.1,4.683056725,4.67562865,4.663439094,3.195760677,2.548509801,1.904819497,7.92,229.4,0
31321,4.113220289,7.1,4.686750173,4.678420648,4.658710953,3.18378951,2.446029757,1.432005377,7.99,230.1,0.104016372
31352,4.11655116,7,4.691347882,4.683056725,4.645351976,3.453446309,2.814444676,0,8.05,233.4,0.02079826
31382,4.126832727,7,4.695924549,4.687671407,4.632785353,3.721359634,3.18081072,-1.25666226,8.27,236.7,-0.069444001
31413,4.131539186,6.7,4.699570861,4.69043003,4.627909673,3.896596853,3.171907702,-2.223387867,8.14,231.6,0
31444,4.124416178,7.2,4.697749367,4.687671407,4.632785353,3.148408193,2.517615489,-2.022216238,7.86,223.6,-0.109958119
31472,4.117945522,7.2,4.692264893,4.679349584,4.635699391,2.130696631,1.214400725,-1.444416061,7.48,216.1,0
31503,4.118633841,7.1,4.688591794,4.672828834,4.627909673,1.576295967,0.280767615,-2.318944492,6.99,214.7,0.206716385
31533,4.120119516,7.2,4.691347882,4.674696249,4.631812117,1.665163359,0.467509033,-1.737495447,6.85,215.1,0.075904953
31564,4.117071016,7.2,4.69501089,4.679349584,4.633757643,1.752004242,0.745576613,-0.870832789,6.92,220.3,0
31594,4.122896385,7,4.695924549,4.679349584,4.639571613,1.657496509,0.558660671,-1.34359027,6.56,220.6,-0.167810037
31625,4.121440788,6.9,4.696837375,4.680277658,4.638604962,1.563250225,0.651468102,-2.010599084,6.17,209,-0.234049648
31656,4.123333623,7,4.700480366,4.683056725,4.64053733,1.742364115,0.742807501,-2.290176429,5.89,219.3,0.001469667
31686,4.127847034,7,4.702296897,4.683056725,4.645351976,1.554672374,0.463607692,-1.33589773,5.85,226.16,0
31717,4.132627336,6.9,4.704110134,4.685828089,4.648229675,1.276225161,0.277136436,0.287769983,6.04,228.24,0.021131313
31747,4.141639959,6.6,4.707726774,4.688591794,4.649187071,1.180222506,0.092038663,1.640171838,6.91,228.33,-0.081787984
31778,4.138563979,6.6,4.713127327,4.695924549,4.654912278,1.355646608,0.549451932,2.700260493,6.43,229.45,0
31809,4.151276098,6.6,4.716711561,4.700480366,4.6558633,1.896219344,1.280895829,2.307794728,6.1,225.89,0.175747037
31837,4.152743965,6.6,4.720282993,4.704110134,4.658710953,2.801810025,2.476054968,2.301156189,6.13,227.91,0.19110595
31868,4.158404844,6.3,4.724729421,4.707726774,4.660604893,3.613762692,3.489793985,3.269521992,6.37,239.5,0
31898,4.165108975,6.3,4.727387819,4.710430697,4.662495253,3.603993648,3.573444801,3.068313567,6.85,249.2,0.238376191
31929,4.169850842,6.2,4.731802837,4.71492105,4.665324109,3.679194693,3.557146578,3.156646597,6.73,251.87,0
31959,4.176084291,6.1,4.734442522,4.717605615,4.663439094,3.851797244,3.825603116,2.386748141,6.58,252.78,-0.040865439
31990,4.183420196,6,4.738826571,4.722063937,4.663439094,4.198919629,4.178627898,2.483413204,6.73,254.54,-0.021046005
32021,4.186402489,5.9,4.742320024,4.724729421,4.661550519,4.183965834,4.16726964,2.10131896,7.22,255.08,-0.146795267
32051,4.201023209,6,4.744932128,4.726502471,4.667205577,4.263523164,4.344574651,2.185360129,7.29,253.85,0
32082,4.206489511,5.8,4.748404354,4.730039168,4.666265285,4.429422023,4.421107903,1.80356099,6.69,254.4,-0.085128298
32112,4.211158239,5.7,4.750135956,4.730921391,4.669083512,4.240918193,4.232959717,1.989644033,6.77,258.21,-0.180343463
32143,4.211414751,5.7,4.753590191,4.732683506,4.672828834,4.046286361,3.675895703,1.791655658,6.83,258.89,0
32174,4.215564647,5.7,4.755312844,4.733563401,4.674696249,3.86012837,3.308303496,1.883294833,6.58,257,-0.22381606
32203,4.217950611,5.7,4.757891273,4.737075257,4.677490848,3.760827992,3.296512303,1.877989465,6.58,261.2,0.017564931
32234,4.223312224,5.4,4.763881877,4.743191484,4.685828089,3.91524561,3.546470957,2.522319613,6.87,263.5,0
32264,4.22278908,5.6,4.766438334,4.745801316,4.689511334,3.905051487,3.537061908,2.701608181,7.09,272.55,0.188396485
32295,4.225279253,5.4,4.770684624,4.750135956,4.691347882,3.888178754,3.521490629,2.602377342,7.51,283.75,0.307587035
32325,4.22687608,5.4,4.774912961,4.755312844,4.693181063,4.047043888,3.77072291,2.97419692,7.75,276.62,0
32356,4.231729769,5.6,4.779123493,4.758749274,4.696837375,4.029692231,3.668533646,3.33982804,8.01,276.53,-0.181507589
32387,4.228391655,5.4,4.783316371,4.763881877,4.700480366,4.099634724,3.91524561,3.892984637,8.19,271.88,-0.067281264
32417,4.233552728,5.4,4.786658062,4.767289035,4.710430697,4.172593367,4.078656431,4.322511974,8.3,274.53,0
32448,4.235501184,5.3,4.789988623,4.769836808,4.717605615,4.158426891,3.979763951,5.134032997,8.35,274.19,-0.00936343
32478,4.239653411,5.3,4.793308128,4.773223771,4.721173862,4.317217187,4.230237969,5.209035001,8.76,284.35,0.445836897
32509,4.24210918,5.4,4.797442074,4.778282804,4.728272383,4.385188253,4.559929741,5.544354866,9.12,286.73,0
32540,4.237804008,5.2,4.80073697,4.781641329,4.736198448,4.542412511,4.807792835,6.150219976,9.36,287.21,0.29732694
32568,4.240501952,5,4.805659047,4.786658062,4.736198448,4.776777373,4.958280517,5.870760083,9.85,285.12,0.060943032
32599,4.240473151,5.2,4.812997033,4.795790546,4.734442522,4.911515605,5.259906171,4.861443269,9.84,282.6,0
32629,4.233332292,5.2,4.817859279,4.80073697,4.730921391,5.142094581,5.49356538,4.141005687,9.81,280.13,0.153398809
32660,4.233826755,5.3,4.821087692,4.803201036,4.736198448,5.040306774,5.306508025,4.485056617,9.53,282.58,0
32690,4.224588892,5.2,4.824305716,4.804840381,4.741447804,4.939275533,4.95275367,4.826674097,9.24,277.22,0.074773029
32721,4.233778915,5.2,4.824305716,4.804840381,4.743191484,4.518222279,4.60911072,4.635410937,8.99,278.02,-0.139107083
32752,4.23121828,5.3,4.826712456,4.80729437,4.74927053,4.339608456,4.341249294,4.879016417,9.02,274.59,0
32782,4.230299266,5.3,4.831508628,4.811371017,4.768139014,4.485056617,4.408198111,5.770831762,8.84,270.32,-0.086605991
32813,4.23332504,5.4,4.835487941,4.81462041,4.767289035,4.549931807,4.478360263,4.968342015,8.55,265.6,0.107772314
32843,4.23950495,5.4,4.838660029,4.817859279,4.766438334,4.535190125,4.463550841,4.526447184,8.45,260.6,-0.066550275
32874,4.234319525,5.4,4.848116365,4.829113417,4.765586907,5.067429096,5.083061378,3.731452427,8.23,260.41,0
32905,4.243126571,5.3,4.852030264,4.833898116,4.766438334,5.129329439,5.225678649,3.023988519,8.24,264,0.313039532
32933,4.248356661,5.2,4.856706812,4.837075243,4.767289035,5.104776507,5.041718094,3.109058707,8.28,271.3,-0.09391278
32964,4.246974086,5.4,4.85903691,4.839451482,4.769836808,4.603987675,4.366093612,3.539428585,8.26,273.06,0
32994,4.248538098,5.4,4.860587298,4.84103251,4.780802755,4.272801845,4.029554018,4.988136334,8.18,278.44,0.04396574
33025,4.251344038,5.2,4.866764924,4.845760651,4.793308128,4.567723147,4.255961442,5.710967971,8.29,277.49,0
33055,4.249899969,5.5,4.871373227,4.849683763,4.803201036,4.706751086,4.484338192,6.175323221,8.15,276.55,-0.065610272
33086,4.251990555,5.7,4.879767019,4.858260814,4.808927024,5.546130299,5.342043255,6.573553962,8.13,271.1,0.149651772
33117,4.254207468,5.9,4.886582645,4.866764924,4.804021045,5.987018949,5.94705536,5.475051477,8.2,273.09,0
33147,4.246806674,5.9,4.893352133,4.875197323,4.808927024,6.184350528,6.382630663,4.078800924,8.11,263.07,-0.119344369
33178,4.234642593,6.2,4.895598484,4.878246106,4.802380355,6.011054306,6.362569588,3.509131981,7.81,261.38,-0.017550121
33208,4.227608627,6.3,4.899331225,4.881285622,4.798266816,6.067119518,6.342634267,3.182848237,7.31,258.13,-0.158639656
33239,4.22303823,6.4,4.903050083,4.884315927,4.798266816,5.493371882,5.520250994,3.267990856,6.91,255.69,0
33270,4.216721474,6.6,4.903792198,4.884315927,4.80073697,5.176193456,5.041781182,3.429863595,6.25,255.97,-0.25142272
33298,4.211632661,6.8,4.903792198,4.883559212,4.799090879,4.708538667,4.648396856,3.180184316,6.12,255.13,0.227238255
33329,4.213622776,6.7,4.906015245,4.885827644,4.796616651,4.697833502,4.637616179,2.677984302,5.91,253.76,0
33359,4.223508515,6.9,4.909709376,4.890349128,4.798266816,4.912207765,4.931661851,1.746406132,5.78,248.28,0.262333211
33390,4.233253967,6.9,4.912654886,4.892602227,4.799914263,4.588996206,4.684157628,0.660613468,5.9,243.29,0
33420,4.233174186,6.8,4.914124394,4.894101478,4.803201036,4.275116695,4.44177148,0,5.82,246.83,-0.076714431
33451,4.234296342,6.9,4.917056947,4.897093253,4.80729437,3.728992825,3.883243903,-0.163265342,5.66,241.25,0.140463338
33482,4.242980061,6.9,4.919980926,4.900076104,4.806477043,3.33982804,3.331117985,0.245599796,5.45,244.53,0
33512,4.241161271,7,4.921439715,4.900820428,4.804021045,2.808758181,2.562310489,-0.490597877,5.21,242.12,-0.034723721
33543,4.239754294,7,4.925803359,4.905274778,4.806477043,3.020487447,2.702867239,0.409668742,4.81,242.54,-0.120818317
33573,4.23617827,7.3,4.928701911,4.907494535,4.80729437,2.93706868,2.620891311,0.902755413,4.43,238.24,0.112804064
33604,4.229989345,7.3,4.929425239,4.907494535,4.80811103,2.637515525,2.317860776,0.984421403,4.03,237.11,0
33635,4.237695708,7.4,4.931592087,4.909709376,4.811371017,2.779988828,2.539344809,1.063404704,4.06,237.78,-0.003968717
33664,4.245750049,7.4,4.935193099,4.912654886,4.815431111,3.140090045,2.909567421,1.634023285,3.98,241.56,-0.126376256
33695,4.252653726,7.4,4.937347498,4.915591745,4.81462041,3.133225336,2.976410191,1.800375961,3.73,244.79,0
33725,4.256362783,7.6,4.939497266,4.917788744,4.815431111,2.978789076,2.743961551,1.716429552,3.82,245.51,0.148171333
33756,4.256668889,7.8,4.942356453,4.920710587,4.817859279,2.970156761,2.810835938,1.794501662,3.76,249.52,0
33786,4.264956158,7.7,4.945207489,4.923623917,4.821893169,3.108309506,2.952243927,1.869213301,3.25,245.35,-0.087779002
33817,4.260027066,7.6,4.947340444,4.926528785,4.821087692,3.028349659,2.94355321,1.379332213,3.3,243.58,-0.002597683
33848,4.262392512,7.6,4.949468859,4.928701911,4.821893169,2.948793303,2.86258078,1.541612681,3.22,244.48,0
33878,4.269619125,7.3,4.953712147,4.932313327,4.82350218,3.22724314,3.149289923,1.948113557,3.1,239.96,-0.175436103
33909,4.273497214,7.4,4.956531035,4.935193099,4.825910853,3.072767652,2.991832049,1.943380999,3.09,238.63,-0.028952874
33939,4.273795336,7.4,4.957937505,4.937347498,4.828313737,2.923559376,2.985296315,2.101936722,2.92,235.27,-0.236855145
33970,4.278926063,7.3,4.96144505,4.939497266,4.833898116,3.201981123,3.200273109,2.578708561,3.02,237.97,0
34001,4.282167625,7.1,4.963543687,4.942356453,4.833898116,3.195159981,3.264707784,2.252709902,3.03,238.51,0.094413799
34029,4.282144143,7,4.964940335,4.943782987,4.829912459,2.97472359,3.112810137,1.448134719,3.07,238.58,-0.062870184
34060,4.28541248,7.1,4.968423445,4.946629964,4.829113417,3.107594696,3.103821871,1.44930073,2.96,235.76,0
34090,4.281274927,7.1,4.971201225,4.949468859,4.819474789,3.170395859,3.168011513,0.404367716,3,233.81,0.334700709
34121,4.283385162,7,4.971894466,4.950177325,4.821087692,2.953801244,2.946673849,0.322841281,3.04,233.26,0
34151,4.287133368,6.9,4.973279508,4.95088529,4.821893169,2.807201878,2.726137258,0,3.06,234.83,0.009494201
34182,4.287175974,6.8,4.97535348,4.953712147,4.82350218,2.801303623,2.71833619,0.241448809,3.03,236.1,0.044010149
34213,4.291595782,6.7,4.976733742,4.954417614,4.82350218,2.726488356,2.571570276,0.160901081,3.09,234.74,0.158968635
34243,4.298996866,6.8,4.980863136,4.959342,4.826712456,2.715098907,2.702867239,0.321027563,2.99,238.96,0
34274,4.30283596,6.6,4.983606622,4.96144505,4.828313737,2.707558661,2.625195098,0.240288462,3.02,243.06,-0.087284292
34304,4.307923855,6.5,4.985659308,4.963543687,4.829113417,2.772180293,2.619618824,0.079968017,2.96,245.44,-0.163151499
34335,4.312111016,6.6,4.985659308,4.963543687,4.829113417,2.421425812,2.40464203,-0.478469812,3.05,249.47,0
34366,4.31255865,6.6,4.988389685,4.964940335,4.829113417,2.484599859,2.258388149,-0.478469812,3.25,253.27,0.224341423
34394,4.323010172,6.5,4.991112628,4.967031657,4.829912459,2.617229277,2.324866951,0,3.34,252.64,0.312929529
34425,4.327947886,6.4,4.991792206,4.968423445,4.833898116,2.336876101,2.179348117,0.478469812,3.56,255.99,0
34455,4.333597655,6.1,4.993828176,4.9698133,4.83786795,2.262695093,2.034444072,1.839316147,4.01,256.71,0.287194493
34486,4.340320135,6.1,4.99653637,4.973279508,4.835487941,2.464190394,2.310218249,1.440024884,4.25,253.77,0
34516,4.342132595,6.1,4.999911331,4.97742316,4.832305759,2.663182318,2.65378702,1.041258907,4.26,261.97,0.070467666
34547,4.34715047,6,5.003946306,4.980863136,4.837075243,2.859282599,2.715098907,1.357306267,4.47,266.62,0.416768637
34578,4.349628693,5.9,5.005957705,4.98223582,4.84103251,2.922396212,2.781820548,1.75303294,4.73,267.9,0.040928417
34608,4.358097605,5.8,5.006627273,4.982921456,4.843399375,2.576413694,2.357945582,1.668691879,4.76,270.75,0
34639,4.364268641,5.6,5.009301071,4.984975547,4.845760651,2.569444937,2.353049741,1.74469136,5.29,276.73,0.549060494
34669,4.374978102,5.5,5.011301739,4.987707789,4.847331743,2.564243061,2.416410289,1.821832567,5.45,285.98,-0.248254577
34700,4.377687233,5.6,5.013963084,4.990432587,4.849683763,2.830377616,2.688890022,2.057034557,5.53,288.96,0
34731,4.377648314,5.4,5.016617366,4.99314998,4.850466542,2.822768062,2.820964492,2.135312447,5.92,284.61,0.500767967
34759,4.3792202,5.4,5.018603464,4.994505912,4.850466542,2.749083614,2.747425555,2.055408328,5.98,282.99,0.241404475
34790,4.378719924,5.8,5.022563865,4.998562713,4.852030264,3.077165867,3.013926758,1.813214832,6.05,288.59,0
34820,4.380753324,5.6,5.024538199,4.999911331,4.851248709,3.071002349,3.009803116,1.338075848,6.01,290.47,0.209183931
34851,4.383837494,5.6,5.026508643,5.001930853,4.852811209,2.997227354,2.865134591,1.732326785,6,298.06,0
34881,4.380297641,5.7,5.027820119,5.002603122,4.855150391,2.790878812,2.517996251,2.284463268,5.85,291.25,-0.006018013
34912,4.39373532,5.7,5.029784113,5.004617222,4.857484115,2.583780699,2.375408601,2.040887163,5.74,292.56,-0.090617836
34943,4.397678503,5.6,5.031091303,5.005287688,4.862135286,2.513359812,2.30518682,2.110277607,5.8,292.96,0.024891554
34973,4.395660766,5.5,5.033700567,5.007965066,4.865224091,2.707329433,2.504361001,2.18247166,5.76,294.17,0
35004,4.398300986,5.6,5.035002651,5.007965066,4.865224091,2.570157946,2.298951822,1.946344042,5.8,295.45,0.052099297
35034,4.402675717,5.6,5.036303041,5.009968405,4.871373227,2.500130221,2.226061566,2.404148362,5.6,289.1,-0.170554982
35065,4.395605276,5.6,5.041487758,5.014627315,4.874433673,2.752467339,2.419472859,2.474990988,5.56,285.89,0.073325449
35096,4.41210472,5.5,5.043425117,5.017279837,4.874433673,2.680775115,2.412985706,2.396713097,5.22,285.88,0
35125,4.410536343,5.5,5.046645732,5.020585625,4.877484781,2.804226787,2.607971278,2.701823937,5.31,289.33,0.05645342
35156,4.418322401,5.6,5.050496828,5.024538199,4.876722877,2.793296256,2.59754864,2.469261259,5.22,299.99,0
35186,4.424700513,5.6,5.052416828,5.027164596,4.879767019,2.787862885,2.725326531,2.851831031,5.24,309.62,-0.026919644
35217,4.433504849,5.3,5.054333149,5.028475212,4.880526609,2.782450611,2.654435876,2.771539985,5.27,308.35,0
35247,4.432641324,5.5,5.056245805,5.029129877,4.885827644,2.84256865,2.652675433,3.067725225,5.4,311.88,-0.039961319
35278,4.438844018,5.1,5.05751888,5.030437921,4.886582645,2.773476706,2.582069962,2.909853082,5.22,312.62,-0.065339568
35309,4.444366256,5.2,5.060694494,5.034351821,4.889596966,2.960319131,2.906413294,2.746167994,5.3,304.17,-0.042441254
35339,4.444487217,5.2,5.063860055,5.037601742,4.890349128,3.015948831,2.963667679,2.51250369,5.24,289.64,0
35370,4.452810069,5.4,5.067015628,5.040841136,4.888090941,3.201297699,3.287607061,2.286685002,5.31,289.15,0.047588518
35400,4.4592793,5.4,5.069532935,5.04407007,4.887337078,3.32298945,3.410166507,1.596385099,5.29,288.22,-0.029112223