year,naics_4,dherfindahl
2001,111339,-.012157321
2002,111339,.00061908364
2003,111339,-.017560422
2004,111339,-.0054540932
2005,111339,-.006647408
2006,111339,.0010352433
2007,111339,.0062966347
2008,111339,.02109319
2009,111339,-.011885673
2010,111339,.0057144761
2011,111339,.0074974
2012,111339,-.045279086
2013,111339,.16473481
2014,111339,.49568528
2015,111339,0
2001,212313,1.1920929e-07
2002,212313,0
2003,212313,-1.1920929e-07
2004,212313,1.1920929e-07
2005,212313,0
2006,212313,0
2007,212313,0
2008,212313,0
2009,212313,0
2010,212313,-1.1920929e-07
2011,212313,1.1920929e-07
2012,212313,0
2013,212313,0
2014,212313,0
2015,212313,-1.1920929e-07
2001,221118,0
2002,221118,-1.1920929e-07
2003,221118,1.1920929e-07
2004,221118,0
2005,221118,0
2006,221118,0
2007,221118,0
2008,221118,0
2009,221118,0
2010,221118,0
2011,221118,0
2012,221118,0
2013,221118,-1.1920929e-07
2014,221118,1.1920929e-07
2015,221118,-.0098100901
2001,236210,0
2002,236210,0
2003,236210,0
2004,236210,0
2005,236210,0
2006,236210,0
2007,236210,0
2008,236210,0
2009,236210,0
2010,236210,0
2011,236210,0
2012,236210,-1.1920929e-07
2013,236210,0
2014,236210,1.1920929e-07
2015,236210,0
2001,237120,.1166649
2002,237120,.08913821
2003,237120,-.0035857558
2004,237120,.020967811
2005,237120,-.08728832
2006,237120,.013939321
2007,237120,.027407318
2008,237120,-.090258658
2009,237120,.039995879
2010,237120,-.059453338
2011,237120,-.022344843
2012,237120,.050960258
2013,237120,-.055773869
2014,237120,.038986161
2015,237120,.17852741
2001,237310,-.038428575
2002,237310,-.018394649
2003,237310,-.014561027
2004,237310,-.008683145
2005,237310,.0059173107
2006,237310,.019517988
2007,237310,.04965049
2008,237310,.0014207363
2009,237310,-.011635274
2010,237310,.011725724
2011,237310,-.0062325597
2012,237310,-.014778644
2013,237310,.0093536973
2014,237310,-.025318563
2015,237310,.012598485
2001,237990,.011048257
2002,237990,.040766329
2003,237990,.001554817
2004,237990,-.039824009
2005,237990,-.10788563
2006,237990,.10924265
2007,237990,-.0299896
2008,237990,-.021035284
2009,237990,.0029114783
2010,237990,.042015165
2011,237990,-.016150177
2012,237990,-.012373894
2013,237990,-.029161483
2014,237990,-.0099388361
2015,237990,-.00753811
2001,238210,-.0092355609
2002,238210,.035728872
2003,238210,.08037433
2004,238210,-.046189815
2005,238210,-.023833483
2006,238210,.0030947626
2007,238210,.023838222
2008,238210,.032301933
2009,238210,-.017208278
2010,238210,.0065559149
2011,238210,-.00055015087
2012,238210,.0085595846
2013,238210,-.0096519887
2014,238210,.014931053
2015,238210,.038960457
2001,238220,-.090358377
2002,238220,-.093312681
2003,238220,.013698399
2004,238220,.17653728
2005,238220,0
2006,238220,0
2007,238220,-1.1920929e-07
2008,238220,1.1920929e-07
2009,238220,0
2010,238220,0
2011,238220,0
2012,238220,-.014751434
2013,238220,.014751315
2014,238220,1.1920929e-07
2015,238220,0
2001,311221,-.035671711
2002,311221,-.0077036619
2003,311221,.0016309023
2004,311221,.0027492046
2005,311221,-.0031222701
2006,311221,.0051363111
2007,311221,.015973806
2008,311221,-.0061997175
2009,311221,.019400775
2010,311221,-.012519419
2011,311221,.014335752
2012,311221,.0078913569
2013,311221,-.0065056086
2014,311221,.0067704916
2015,311221,.14195305
2001,311313,.027323246
2002,311313,.0038594007
2003,311313,.0068323612
2004,311313,-.13456351
2005,311313,-.016268492
2006,311313,-.022165656
2007,311313,.04564625
2008,311313,.00996387
2009,311313,-.031892538
2010,311313,-.016622722
2011,311313,.038765132
2012,311313,-.0088425875
2013,311313,.03254652
2014,311313,.38317752
2015,311313,0
2001,311511,.45318273
2002,311511,.0090923905
2003,311511,.039345622
2004,311511,.00022256374
2005,311511,-.00081133842
2006,311511,-.0016419888
2007,311511,-.0010493994
2008,311511,-.00057959557
2009,311511,-.0032199621
2010,311511,.00075054169
2011,311511,-.23356104
2012,311511,-.048737466
2013,311511,-.062143445
2014,311511,-.047076344
2015,311511,-.046800911
2001,311613,0
2002,311613,0
2003,311613,0
2004,311613,-1.1920929e-07
2005,311613,1.1920929e-07
2006,311613,0
2007,311613,0
2008,311613,0
2009,311613,0
2010,311613,0
2011,311613,0
2012,311613,0
2013,311613,0
2014,311613,0
2015,311613,0
2001,311911,0
2002,311911,0
2003,311911,0
2004,311911,-1.1920929e-07
2005,311911,1.1920929e-07
2006,311911,0
2007,311911,-.22867143
2008,311911,-.086911798
2009,311911,-.015034199
2010,311911,-.041245818
2011,311911,.0067846775
2012,311911,-.014777422
2013,311911,.029238939
2014,311911,.0092264414
2015,311911,.027091384
2001,311942,.0069692135
2002,311942,-.00027871132
2003,311942,-.0034223795
2004,311942,-.0096821785
2005,311942,.028504133
2006,311942,0
2007,311942,0
2008,311942,0
2009,311942,0
2010,311942,0
2011,311942,0
2012,311942,0
2013,311942,0
2014,311942,0
2015,311942,-1.1920929e-07
2001,313110,0
2002,313110,0
2003,313110,0
2004,313110,0
2005,313110,0
2006,313110,0
2007,313110,0
2008,313110,0
2009,313110,-1.1920929e-07
2010,313110,1.1920929e-07
2011,313110,0
2012,313110,0
2013,313110,0
2014,313110,0
2015,313110,0
2001,313210,.0060459673
2002,313210,-.013318755
2003,313210,.029505245
2004,313210,.068713844
2005,313210,.027556568
2006,313210,.023451313
2007,313210,.080029279
2008,313210,-.000641644
2009,313210,-.031161815
2010,313210,.0046219826
2011,313210,-.009973526
2012,313210,-.0065137148
2013,313210,-.0037711561
2014,313210,.033297658
2015,313210,-.0032550395
2001,314110,.035673648
2002,314110,.090748668
2003,314110,.075212657
2004,314110,.02877146
2005,314110,.002735436
2006,314110,.020284534
2007,314110,-.0071850419
2008,314110,-.014964998
2009,314110,.0015113354
2010,314110,-.024431884
2011,314110,-.010295033
2012,314110,.025693238
2013,314110,.029416144
2014,314110,-.003936708
2015,314110,.0045298338
2001,315220,-.0026414692
2002,315220,-.015344471
2003,315220,-.0078501105
2004,315220,.0013532639
2005,315220,-.0047449768
2006,315220,-.0021427274
2007,315220,.012133867
2008,315220,.024459302
2009,315220,-.001485467
2010,315220,-.0011149943
2011,315220,.011591733
2012,315220,.018346727
2013,315220,.006074667
2014,315220,.042497814
2015,315220,-.0016020536
2001,315240,-.030933738
2002,315240,.028737456
2003,315240,.030719995
2004,315240,-.031303525
2005,315240,-.045455307
2006,315240,-.033587903
2007,315240,.030430198
2008,315240,-.0088742077
2009,315240,.0041676462
2010,315240,-.011772245
2011,315240,-.033271939
2012,315240,-.037729353
2013,315240,-.0060892105
2014,315240,-.0069902539
2015,315240,.0063628554
2001,315280,.0070851743
2002,315280,.008590579
2003,315280,.022627205
2004,315280,.059114248
2005,315280,.0097715855
2006,315280,.014499635
2007,315280,-.037582695
2008,315280,-.06055662
2009,315280,-.016543984
2010,315280,-.035540372
2011,315280,-.0063142478
2012,315280,-.0033979714
2013,315280,-.0041717887
2014,315280,.0052117407
2015,315280,.022239
2001,315990,.03270328
2002,315990,-.055081367
2003,315990,.0032315254
2004,315990,.022164106
2005,315990,.034066081
2006,315990,-.00073671341
2007,315990,.0069293976
2008,315990,-.08475697
2009,315990,.014034748
2010,315990,.0048968792
2011,315990,-.02687788
2012,315990,-.021857977
2013,315990,-.032883167
2014,315990,.43160796
2015,315990,-.44071066
2001,316210,-.02050817
2002,316210,.010822177
2003,316210,.030631304
2004,316210,.0071634054
2005,316210,-.025850117
2006,316210,-.021419704
2007,316210,.015783608
2008,316210,.022334337
2009,316210,.0099092722
2010,316210,-.02219981
2011,316210,.026905239
2012,316210,.0073754191
2013,316210,.018341422
2014,316210,.0073812008
2015,316210,-.0072228312
2001,321211,0
2002,321211,0
2003,321211,0
2004,321211,0
2005,321211,0
2006,321211,0
2007,321211,-1.1920929e-07
2008,321211,1.1920929e-07
2009,321211,0
2010,321211,0
2011,321211,-1.1920929e-07
2012,321211,1.1920929e-07
2013,321211,0
2014,321211,0
2015,321211,0
2001,321992,-.0072145164
2002,321992,.023573712
2003,321992,.036701605
2004,321992,.068359226
2005,321992,.016226113
2006,321992,.0087323785
2007,321992,-.010783404
2008,321992,.024922162
2009,321992,.040363282
2010,321992,.23449546
2011,321992,-.12751019
2012,321992,.049500227
2013,321992,.031662047
2014,321992,.0027944446
2015,321992,.11290634
2001,322121,.043312818
2002,322121,.081561819
2003,322121,-.016633302
2004,322121,-.026650101
2005,322121,.051235825
2006,322121,-.021562874
2007,322121,-.030625969
2008,322121,-.057574734
2009,322121,.020478874
2010,322121,-.0031497777
2011,322121,.16035883
2012,322121,-.030065835
2013,322121,-.053444237
2014,322121,.030334055
2015,322121,-.043970853
2001,322130,-.017656982
2002,322130,.021794558
2003,322130,-.00078415871
2004,322130,-.011282682
2005,322130,.0053028166
2006,322130,-.014126301
2007,322130,-.059355885
2008,322130,.027225792
2009,322130,.029865086
2010,322130,.0055165589
2011,322130,.18001011
2012,322130,.041648686
2013,322130,-.0045434237
2014,322130,-.063030303
2015,322130,.12830567
2001,322211,-.00028464198
2002,322211,.081847936
2003,322211,-.0096744597
2004,322211,.013228089
2005,322211,.0006967783
2006,322211,.148451
2007,322211,-.000063955784
2008,322211,.0042331815
2009,322211,.0047471523
2010,322211,-.0035657287
2011,322211,.054645002
2012,322211,.079356134
2013,322211,-.040358484
2014,322211,-.066108704
2015,322211,.021289885
2001,322212,.0042605698
2002,322212,.0011153221
2003,322212,.44863516
2004,322212,.074011207
2005,322212,0
2006,322212,-1.1920929e-07
2007,322212,1.1920929e-07
2008,322212,-1.1920929e-07
2009,322212,0
2010,322212,1.1920929e-07
2011,322212,0
2012,322212,0
2013,322212,0
2014,322212,0
2015,322212,0
2001,322219,-.064287603
2002,322219,-.0050677359
2003,322219,-.015683502
2004,322219,.0075535774
2005,322219,.0044933856
2006,322219,-.056024283
2007,322219,-.009798795
2008,322219,-.013516873
2009,322219,-.006654948
2010,322219,.0040610433
2011,322219,-.0033591986
2012,322219,.13101974
2013,322219,-.00018215179
2014,322219,-.074568689
2015,322219,-.039021373
2001,322220,.0379484
2002,322220,-.028548211
2003,322220,.0055955946
2004,322220,-.00060859323
2005,322220,.0023122132
2006,322220,.016062647
2007,322220,.00127244
2008,322220,-.0052374005
2009,322220,.0047750771
2010,322220,.0061170459
2011,322220,.021083266
2012,322220,.020798326
2013,322220,-.023961157
2014,322220,.012738168
2015,322220,.0024828315
2001,322230,0
2002,322230,0
2003,322230,0
2004,322230,0
2005,322230,0
2006,322230,0
2007,322230,0
2008,322230,0
2009,322230,0
2010,322230,-.1515981
2011,322230,-.000061154366
2012,322230,-.00034677982
2013,322230,-.018685102
2014,322230,.0057023764
2015,322230,-.034867764
2001,323111,-.010338008
2002,323111,-.0066521764
2003,323111,-.095399529
2004,323111,.0020424724
2005,323111,-.056087524
2006,323111,-.031863987
2007,323111,-.0028195977
2008,323111,-.12921439
2009,323111,-.014531597
2010,323111,.066939384
2011,323111,.033537596
2012,323111,-.029418707
2013,323111,.016940057
2014,323111,-.044360638
2015,323111,-.009623453
2001,324110,.0099018216
2002,324110,-.0029588044
2003,324110,-.00054560602
2004,324110,-.0016678274
2005,324110,.076425597
2006,324110,-.044980451
2007,324110,-.017666355
2008,324110,.027379513
2009,324110,-.041905165
2010,324110,.023456171
2011,324110,-.001473859
2012,324110,-.003733933
2013,324110,.0011561215
2014,324110,-.027055025
2015,324110,.0040363669
2001,324122,-.0012155771
2002,324122,-.012188584
2003,324122,.038858473
2004,324122,-.0054989755
2005,324122,-.020620495
2006,324122,-.0031183064
2007,324122,.12615308
2008,324122,-.0049008727
2009,324122,.499286
2010,324122,0
2011,324122,0
2012,324122,0
2013,324122,-1.1920929e-07
2014,324122,0
2015,324122,1.1920929e-07
2001,325120,.00024342537
2002,325120,.00010877848
2003,325120,.00010895729
2004,325120,-.000069051981
2005,325120,.0015657246
2006,325120,.16481459
2007,325120,.000065147877
2008,325120,-.00037312508
2009,325120,.000664711
2010,325120,.00079476833
2011,325120,-.00011742115
2012,325120,.0014901161
2013,325120,.00012034178
2014,325120,.00014609098
2015,325120,-.0023518801
2001,325199,-.016053557
2002,325199,-.040407658
2003,325199,-.00098869205
2004,325199,.020135418
2005,325199,.0037921667
2006,325199,.0069968253
2007,325199,.082446814
2008,325199,-.0056649446
2009,325199,-.094569162
2010,325199,-.0009457171
2011,325199,.034705535
2012,325199,-.053540066
2013,325199,-.0043672919
2014,325199,.0054302663
2015,325199,-.014209032
2001,325211,.038457513
2002,325211,.015112102
2003,325211,.022109389
2004,325211,.10790166
2005,325211,.029791296
2006,325211,.0039629936
2007,325211,.0059963465
2008,325211,.0032645464
2009,325211,.1329307
2010,325211,-.098191381
2011,325211,.040256858
2012,325211,-.026291549
2013,325211,-.087313741
2014,325211,-.00084939599
2015,325211,-.024487406
2001,325212,0
2002,325212,0
2003,325212,0
2004,325212,0
2005,325212,0
2006,325212,0
2007,325212,0
2008,325212,0
2009,325212,0
2010,325212,0
2011,325212,-1.1920929e-07
2012,325212,1.1920929e-07
2013,325212,0
2014,325212,0
2015,325212,0
2001,325320,-.17343229
2002,325320,-.065288186
2003,325320,.0034030378
2004,325320,.15277627
2005,325320,-.0082474351
2006,325320,.0249964
2007,325320,.24744505
2008,325320,-.0065593123
2009,325320,-.0025626421
2010,325320,-.0045081377
2011,325320,-.072491348
2012,325320,-.015039384
2013,325320,.0017822385
2014,325320,.027465761
2015,325320,-.044998407
2001,325520,-.022149086
2002,325520,.21183407
2003,325520,-.01061058
2004,325520,.29217184
2005,325520,-.022050798
2006,325520,-.062957466
2007,325520,-.070020378
2008,325520,-.049843788
2009,325520,.077049971
2010,325520,-.018956661
2011,325520,-.045909643
2012,325520,.00030237436
2013,325520,-.036669731
2014,325520,-.023782253
2015,325520,.032733381
2001,325611,.0026324987
2002,325611,-.031884551
2003,325611,-.011728287
2004,325611,.044526339
2005,325611,-.0028840899
2006,325611,.02701205
2007,325611,.019372463
2008,325611,-.0014172792
2009,325611,-.010868132
2010,325611,-.0036504269
2011,325611,.036046088
2012,325611,-.0029407144
2013,325611,-.0054655671
2014,325611,-.0026372671
2015,325611,-.0066320896
2001,325612,.075415671
2002,325612,-.022855073
2003,325612,-.0010838807
2004,325612,.00077605247
2005,325612,-.049002141
2006,325612,.0089133978
2007,325612,.0031436086
2008,325612,.0048564374
2009,325612,.002494067
2010,325612,-.024857849
2011,325612,.004699409
2012,325612,.071542084
2013,325612,.015938878
2014,325612,.013817668
2015,325612,.04255861
2001,325613,-.00052535534
2002,325613,-.0012199879
2003,325613,.00063300133
2004,325613,.0015124083
2005,325613,.003151536
2006,325613,.0004901886
2007,325613,.0015200377
2008,325613,.0038135052
2009,325613,-.0037146807
2010,325613,.00058460236
2011,325613,.0046775341
2012,325613,-.00095105171
2013,325613,.00057387352
2014,325613,-.00056672096
2015,325613,-.0005645752
2001,325992,.0062973499
2002,325992,.019179106
2003,325992,.0055714846
2004,325992,-.0053992271
2005,325992,.051049709
2006,325992,0
2007,325992,0
2008,325992,0
2009,325992,0
2010,325992,0
2011,325992,0
2012,325992,0
2013,325992,0
2014,325992,0
2015,325992,0
2001,325998,.002949819
2002,325998,-.026447132
2003,325998,.00099819899
2004,325998,.002683267
2005,325998,.024437919
2006,325998,.013385728
2007,325998,.0083821863
2008,325998,.046574473
2009,325998,-.028104961
2010,325998,-.02099213
2011,325998,.06220302
2012,325998,.033032835
2013,325998,.00073993206
2014,325998,.0026333332
2015,325998,.10067633
2001,326112,-.20177653
2002,326112,.038977414
2003,326112,.080887437
2004,326112,-.011221945
2005,326112,-.0021440983
2006,326112,-.016866505
2007,326112,-.037944913
2008,326112,.067629516
2009,326112,-.0071858764
2010,326112,-.030454516
2011,326112,.061469793
2012,326112,-.0054833293
2013,326112,.036799967
2014,326112,.0045976639
2015,326112,.0019054413
2001,326113,.016225904
2002,326113,.0043427646
2003,326113,.0088507831
2004,326113,-.0090984106
2005,326113,.026510119
2006,326113,-.0088836551
2007,326113,.12917614
2008,326113,.0092425346
2009,326113,.01048255
2010,326113,-.071882367
2011,326113,.019757688
2012,326113,.055224061
2013,326113,.0031283498
2014,326113,.043950438
2015,326113,.0011036396
2001,326140,.035991967
2002,326140,.016735375
2003,326140,.0085242391
2004,326140,-.0065589547
2005,326140,.0024757981
2006,326140,-.0068149567
2007,326140,.0064281225
2008,326140,.1926111
2009,326140,-.23927295
2010,326140,-.042218447
2011,326140,-.00057554245
2012,326140,.28206694
2013,326140,0
2014,326140,0
2015,326140,0
2001,326211,.013073087
2002,326211,-.0092431903
2003,326211,.015472233
2004,326211,.11589682
2005,326211,.0047661066
2006,326211,-.027152419
2007,326211,.0417853
2008,326211,.0015845299
2009,326211,-.024411798
2010,326211,-.0083931088
2011,326211,.006111145
2012,326211,-.026982069
2013,326211,.023366034
2014,326211,-.012729287
2015,326211,.0077890158
2001,326212,-1.1920929e-07
2002,326212,0
2003,326212,1.1920929e-07
2004,326212,-1.1920929e-07
2005,326212,1.1920929e-07
2006,326212,0
2007,326212,0
2008,326212,0
2009,326212,0
2010,326212,0
2011,326212,0
2012,326212,-1.1920929e-07
2013,326212,1.1920929e-07
2014,326212,0
2015,326212,0
2001,326299,.061969504
2002,326299,.0043122768
2003,326299,.040925026
2004,326299,.184843
2005,326299,.04536432
2006,326299,.043044031
2007,326299,.021028817
2008,326299,-.028395534
2009,326299,.036107421
2010,326299,-.012322068
2011,326299,-.030544817
2012,326299,.043426156
2013,326299,.01296258
2014,326299,-.041539729
2015,326299,-.039074004
2001,327212,.0029898882
2002,327212,-.0045076609
2003,327212,.064126134
2004,327212,0
2005,327212,-1.1920929e-07
2006,327212,1.1920929e-07
2007,327212,0
2008,327212,-1.1920929e-07
2009,327212,1.1920929e-07
2010,327212,0
2011,327212,0
2012,327212,0
2013,327212,0
2014,327212,-1.1920929e-07
2015,327212,0
2001,327213,-.016803324
2002,327213,.0058214664
2003,327213,.0056016445
2004,327213,.052976906
2005,327213,.19365877
2006,327213,0
2007,327213,0
2008,327213,0
2009,327213,0
2010,327213,0
2011,327213,0
2012,327213,0
2013,327213,-.0019865036
2014,327213,-.00042498112
2015,327213,-.00031876564
2001,327310,-.0070038438
2002,327310,.021653831
2003,327310,.0023464859
2004,327310,.00064584613
2005,327310,-.013753742
2006,327310,.0068408251
2007,327310,.015935063
2008,327310,.0076951385
2009,327310,-.0020130575
2010,327310,-.0027274489
2011,327310,-.04018864
2012,327310,-.0012471378
2013,327310,.048762441
2014,327310,.0012199581
2015,327310,.19631737
2001,327390,.037716985
2002,327390,-.0014392734
2003,327390,-.24369109
2004,327390,-.022033513
2005,327390,.024380863
2006,327390,.032667875
2007,327390,-.0086966753
2008,327390,-.039900273
2009,327390,-.0094886422
2010,327390,-.00075027347
2011,327390,.43591458
2012,327390,.010260105
2013,327390,-.00017678738
2014,327390,.0193187
2015,327390,-.0074875355
2001,327992,0
2002,327992,0
2003,327992,0
2004,327992,0
2005,327992,0
2006,327992,-1.1920929e-07
2007,327992,1.1920929e-07
2008,327992,0
2009,327992,0
2010,327992,0
2011,327992,0
2012,327992,0
2013,327992,0
2014,327992,0
2015,327992,-.49156845
2001,327993,0
2002,327993,0
2003,327993,0
2004,327993,-.47181553
2005,327993,.010953486
2006,327993,.0079810619
2007,327993,-.033092618
2008,327993,.021241188
2009,327993,.00031846762
2010,327993,.0056911111
2011,327993,.0043529272
2012,327993,.0080645084
2013,327993,-.002081275
2014,327993,.011161864
2015,327993,.0083237886
2001,331221,.020128161
2002,331221,.074514747
2003,331221,-.0115408
2004,331221,.0024320483
2005,331221,.017215788
2006,331221,.0066812336
2007,331221,.14276549
2008,331221,-.025237858
2009,331221,-.015143752
2010,331221,.081355929
2011,331221,-.020451903
2012,331221,-.034627736
2013,331221,.07984668
2014,331221,-.0020243526
2015,331221,-.048425972
2001,331315,.057971865
2002,331315,.083988726
2003,331315,.006895721
2004,331315,.1569699
2005,331315,-.089848876
2006,331315,.43497521
2007,331315,-.21776545
2008,331315,.2376976
2009,331315,-.46189523
2010,331315,-.020749569
2011,331315,.05967319
2012,331315,-.1930145
2013,331315,-.04787299
2014,331315,.11034927
2015,331315,-.040362358
2001,331420,-.052056819
2002,331420,-.011406213
2003,331420,-.0068000853
2004,331420,-.049833924
2005,331420,.0070680678
2006,331420,.0068113804
2007,331420,.0087450445
2008,331420,.048175424
2009,331420,.02517572
2010,331420,-.031566918
2011,331420,-.0047028661
2012,331420,.021959007
2013,331420,.066917807
2014,331420,-.022944599
2015,331420,-.037805587
2001,332111,.11552751
2002,332111,-.11199263
2003,332111,.17602769
2004,332111,-.029056489
2005,332111,-.012295365
2006,332111,.013490677
2007,332111,.13714725
2008,332111,-.068522394
2009,332111,-.0035796165
2010,332111,.06229943
2011,332111,.03741312
2012,332111,.068790615
2013,332111,.018728733
2014,332111,.017092109
2015,332111,.021957695
2001,332216,.067896187
2002,332216,.0057445765
2003,332216,-.0082859993
2004,332216,-.026063085
2005,332216,-.03006506
2006,332216,.031922638
2007,332216,.057335734
2008,332216,-.017345369
2009,332216,-.01530093
2010,332216,-.0084821582
2011,332216,-.02923739
2012,332216,-.012125432
2013,332216,.013409495
2014,332216,.011957943
2015,332216,.02273339
2001,332312,.0027958155
2002,332312,.0094064921
2003,332312,.028865948
2004,332312,.009764567
2005,332312,-.017065391
2006,332312,-.0071427226
2007,332312,-.019576907
2008,332312,.00021956861
2009,332312,.087606296
2010,332312,.064159483
2011,332312,.01157257
2012,332312,.10448962
2013,332312,.098973304
2014,332312,-.094848722
2015,332312,-.10559079
2001,332313,.10606888
2002,332313,.13650328
2003,332313,.0027167201
2004,332313,.0037474036
2005,332313,-.0060467124
2006,332313,.49902254
2007,332313,0
2008,332313,0
2009,332313,0
2010,332313,0
2011,332313,0
2012,332313,0
2013,332313,0
2014,332313,0
2015,332313,0
2001,332321,.059618384
2002,332321,.0058672726
2003,332321,.015963852
2004,332321,.055671781
2005,332321,-.029744387
2006,332321,.0074471235
2007,332321,.077748686
2008,332321,-.14626265
2009,332321,.023263723
2010,332321,.0031986237
2011,332321,.038576007
2012,332321,-.00099018216
2013,332321,-.05200541
2014,332321,.013199776
2015,332321,-.018980682
2001,332410,-.016881347
2002,332410,.018234372
2003,332410,.011252284
2004,332410,.25474358
2005,332410,0
2006,332410,0
2007,332410,0
2008,332410,-.25080526
2009,332410,-.15252632
2010,332410,-.11641341
2011,332410,.27869356
2012,332410,.058949232
2013,332410,.014354944
2014,332410,.028385937
2015,332410,.058304727
2001,332431,-.0036459565
2002,332431,.010281861
2003,332431,-.042565793
2004,332431,.026979089
2005,332431,.031048536
2006,332431,-.069691151
2007,332431,.034119725
2008,332431,.033576816
2009,332431,-.0016297996
2010,332431,.00080534816
2011,332431,-.0021781921
2012,332431,-.0017350614
2013,332431,-.0026250184
2014,332431,-.058396667
2015,332431,-.038431495
2001,332613,0
2002,332613,0
2003,332613,0
2004,332613,0
2005,332613,0
2006,332613,0
2007,332613,0
2008,332613,0
2009,332613,-1.1920929e-07
2010,332613,1.1920929e-07
2011,332613,0
2012,332613,0
2013,332613,0
2014,332613,0
2015,332613,-1.1920929e-07
2001,332912,.01295048
2002,332912,.011923194
2003,332912,-.10948211
2004,332912,-.02027607
2005,332912,.0038755536
2006,332912,.0054222941
2007,332912,-.0092582703
2008,332912,.017812848
2009,332912,-.0088801384
2010,332912,-.018427789
2011,332912,.021333933
2012,332912,.010668397
2013,332912,-.023138404
2014,332912,-.0010814667
2015,332912,.00086551905
2001,332913,0
2002,332913,-1.1920929e-07
2003,332913,1.1920929e-07
2004,332913,0
2005,332913,0
2006,332913,0
2007,332913,0
2008,332913,0
2009,332913,0
2010,332913,0
2011,332913,0
2012,332913,0
2013,332913,0
2014,332913,0
2015,332913,0
2001,332919,0
2002,332919,0
2003,332919,0
2004,332919,0
2005,332919,-1.1920929e-07
2006,332919,1.1920929e-07
2007,332919,0
2008,332919,0
2009,332919,0
2010,332919,0
2011,332919,0
2012,332919,0
2013,332919,-1.1920929e-07
2014,332919,0
2015,332919,1.1920929e-07
2001,332991,.0056308508
2002,332991,.019902676
2003,332991,-.0068660676
2004,332991,.023221403
2005,332991,.017223477
2006,332991,.01838237
2007,332991,.0099294782
2008,332991,-.024970502
2009,332991,-.021426409
2010,332991,-.0096648633
2011,332991,-.017245442
2012,332991,.0095990598
2013,332991,.02622357
2014,332991,.0049577653
2015,332991,-.0079663396
2001,332993,0
2002,332993,0
2003,332993,0
2004,332993,0
2005,332993,0
2006,332993,0
2007,332993,0
2008,332993,0
2009,332993,0
2010,332993,-1.1920929e-07
2011,332993,1.1920929e-07
2012,332993,0
2013,332993,-1.1920929e-07
2014,332993,1.1920929e-07
2015,332993,-1.1920929e-07
2001,333111,.0050413907
2002,333111,-.000047028065
2003,333111,-.000039517879
2004,333111,.0051832497
2005,333111,.0075790286
2006,333111,-.0060193241
2007,333111,-.0052339137
2008,333111,.005568862
2009,333111,-.0011947453
2010,333111,.0027047992
2011,333111,.0024371445
2012,333111,-.050669014
2013,333111,.050435066
2014,333111,.0024259388
2015,333111,-.0044508874
2001,333120,.03025794
2002,333120,-.019688606
2003,333120,-.0055682063
2004,333120,.011150002
2005,333120,.0062735677
2006,333120,.0028957725
2007,333120,.0059090257
2008,333120,.03950429
2009,333120,-.031703353
2010,333120,-.008742094
2011,333120,.042097807
2012,333120,.050839186
2013,333120,-.024180174
2014,333120,.020786822
2015,333120,-.035845876
2001,333131,-.0028694272
2002,333131,.0010944605
2003,333131,-.018967867
2004,333131,-.025381565
2005,333131,.011636078
2006,333131,-.0056514144
2007,333131,-.11518812
2008,333131,-.013316453
2009,333131,-.086265564
2010,333131,-.014538616
2011,333131,.58892846
2012,333131,-1.1920929e-07
2013,333131,1.1920929e-07
2014,333131,0
2015,333131,0
2001,333132,.0019812509
2002,333132,.01078821
2003,333132,-.0090775266
2004,333132,.0011411682
2005,333132,.019250207
2006,333132,.020012222
2007,333132,.0097005069
2008,333132,.028234214
2009,333132,.040411323
2010,333132,-.015662074
2011,333132,-.021839067
2012,333132,.029182509
2013,333132,.029083163
2014,333132,-.010394469
2015,333132,-.0029611737
2001,333413,-.0069621205
2002,333413,.054081738
2003,333413,.024360299
2004,333413,.013090134
2005,333413,-.0013052225
2006,333413,-.061508715
2007,333413,-.13142335
2008,333413,-.00089603662
2009,333413,-.0065568089
2010,333413,.17185563
2011,333413,.014198482
2012,333413,-.0056981444
2013,333413,.054712296
2014,333413,-.0063317418
2015,333413,-.068365037
2001,333415,.018618837
2002,333415,.0092056394
2003,333415,.0046655089
2004,333415,.0067854375
2005,333415,.019776419
2006,333415,.022020444
2007,333415,.049379364
2008,333415,.013807267
2009,333415,-.024213016
2010,333415,.034683287
2011,333415,.025340438
2012,333415,.0085729659
2013,333415,.0077013075
2014,333415,.00059768558
2015,333415,.0055974126
2001,333514,.17453682
2002,333514,-.00076174736
2003,333514,-.10837722
2004,333514,.040381193
2005,333514,.033276439
2006,333514,-.032939792
2007,333514,.18369496
2008,333514,0
2009,333514,0
2010,333514,0
2011,333514,0
2012,333514,0
2013,333514,0
2014,333514,-1.1920929e-07
2015,333514,1.1920929e-07
2001,333517,-.022785068
2002,333517,.0083646774
2003,333517,.0044130087
2004,333517,-.013535976
2005,333517,-.010437191
2006,333517,-.018308997
2007,333517,-.011199534
2008,333517,.028612196
2009,333517,.025699317
2010,333517,-.03380084
2011,333517,-.0066413879
2012,333517,.023805976
2013,333517,-.006175518
2014,333517,.021919608
2015,333517,-.011835277
2001,333618,-.0035496354
2002,333618,-.024628252
2003,333618,-.065783322
2004,333618,.034865677
2005,333618,-.0085855722
2006,333618,.0088450909
2007,333618,.019185454
2008,333618,.016602486
2009,333618,-.037880689
2010,333618,.028670341
2011,333618,.055788487
2012,333618,-.011061609
2013,333618,-.016690731
2014,333618,.031643599
2015,333618,.089772582
2001,333914,-.011004776
2002,333914,-.00019922853
2003,333914,-.001281023
2004,333914,-.016417742
2005,333914,-.0018520057
2006,333914,-.0022235215
2007,333914,.0043590963
2008,333914,.044882655
2009,333914,-.054012567
2010,333914,-.013020426
2011,333914,-.088653356
2012,333914,.00076875091
2013,333914,-.011099562
2014,333914,-.0079867244
2015,333914,-.0015926957
2001,333923,.01702556
2002,333923,.077681452
2003,333923,.049218386
2004,333923,.010765314
2005,333923,.024330735
2006,333923,-.0053505898
2007,333923,-.013126135
2008,333923,-.00081449747
2009,333923,-.078421086
2010,333923,.005874455
2011,333923,.030753732
2012,333923,.010315567
2013,333923,-.0075063705
2014,333923,.0091406107
2015,333923,-.00521034
2001,333991,.0010480583
2002,333991,-.0096047819
2003,333991,-.012318194
2004,333991,.014395565
2005,333991,.017228752
2006,333991,-.027816653
2007,333991,-.025495201
2008,333991,.0031817555
2009,333991,-.0081501305
2010,333991,.24308157
2011,333991,.022940814
2012,333991,.012202919
2013,333991,-.0096554756
2014,333991,.019536376
2015,333991,-.019380629
2001,333992,.011664093
2002,333992,.011973023
2003,333992,.0028799176
2004,333992,.022145867
2005,333992,.039929867
2006,333992,-.11444086
2007,333992,-.0055751204
2008,333992,-.0068697333
2009,333992,-.022551179
2010,333992,.17085797
2011,333992,.0033215284
2012,333992,-.16217119
2013,333992,.0061269403
2014,333992,.011241794
2015,333992,-.0054261684
2001,334412,.054704145
2002,334412,-.022231355
2003,334412,.052302599
2004,334412,.012127548
2005,334412,-.034399897
2006,334412,-.006788671
2007,334412,.070474744
2008,334412,-.046765685
2009,334412,.029010087
2010,334412,-.025511473
2011,334412,.038776785
2012,334412,-.023454219
2013,334412,.01297009
2014,334412,-.0034738183
2015,334412,-.0045208335
2001,334418,.18889949
2002,334418,-.078586876
2003,334418,.064225435
2004,334418,-.10179183
2005,334418,-.1695766
2006,334418,-.0055395812
2007,334418,.0080968142
2008,334418,.031375915
2009,334418,.0070706308
2010,334418,.0022189617
2011,334418,-.0074686557
2012,334418,.0051488727
2013,334418,.021447241
2014,334418,-.03945303
2015,334418,-.0092926621
2001,334511,-.017051756
2002,334511,.036344409
2003,334511,.033556014
2004,334511,.05746752
2005,334511,-.018969804
2006,334511,-.019011587
2007,334511,-.014848053
2008,334511,-.013078094
2009,334511,.0093133748
2010,334511,-.039883226
2011,334511,-.031430215
2012,334511,-.0016244054
2013,334511,.0014424026
2014,334511,.0033966005
2015,334511,.031280756
2001,334513,.029424369
2002,334513,-.015149653
2003,334513,-.017026663
2004,334513,-.027355611
2005,334513,-.020732403
2006,334513,-.014398813
2007,334513,.0012778044
2008,334513,-.048379004
2009,334513,.0062724352
2010,334513,-.061222315
2011,334513,.011611044
2012,334513,-.014120638
2013,334513,-.013458729
2014,334513,-.034941912
2015,334513,-.041338891
2001,334516,-.031881541
2002,334516,-.030953184
2003,334516,-.0024979189
2004,334516,.0075880215
2005,334516,-.0023158789
2006,334516,.0038015097
2007,334516,.0082803518
2008,334516,-.00078727305
2009,334516,.0067081898
2010,334516,.020154089
2011,334516,.028187394
2012,334516,.0062031746
2013,334516,.00036256015
2014,334516,.0051107407
2015,334516,.014358386
2001,334519,.011239745
2002,334519,.013447702
2003,334519,.0074197054
2004,334519,-.002502948
2005,334519,-.0025312304
2006,334519,-.0033356696
2007,334519,-.0020527244
2008,334519,.016631827
2009,334519,.017061517
2010,334519,.013106331
2011,334519,.0082520545
2012,334519,.0063999891
2013,334519,.032680735
2014,334519,.013770238
2015,334519,.0075930953
2001,335122,-.0061596036
2002,335122,-.0016650259
2003,335122,.017562032
2004,335122,.0079678595
2005,335122,.029211998
2006,335122,-.0078903437
2007,335122,.21235472
2008,335122,-.070576429
2009,335122,-.00043392181
2010,335122,-.030774295
2011,335122,-.017934173
2012,335122,.0086480081
2013,335122,-.02404353
2014,335122,.0050673485
2015,335122,-.0047933459
2001,335220,0
2002,335220,0
2003,335220,-1.1920929e-07
2004,335220,1.1920929e-07
2005,335220,0
2006,335220,0
2007,335220,0
2008,335220,0
2009,335220,-1.1920929e-07
2010,335220,0
2011,335220,1.1920929e-07
2012,335220,0
2013,335220,-1.1920929e-07
2014,335220,1.1920929e-07
2015,335220,-1.1920929e-07
2001,335312,-.048599288
2002,335312,.061075971
2003,335312,.044772178
2004,335312,.1085414
2005,335312,-.063103855
2006,335312,.045564026
2007,335312,-.036159813
2008,335312,-.063800335
2009,335312,.019095272
2010,335312,.11397398
2011,335312,-.0033617914
2012,335312,-.043455303
2013,335312,.0068342686
2014,335312,-.010759711
2015,335312,.046563119
2001,335313,.0065770149
2002,335313,-.017408729
2003,335313,.00062167645
2004,335313,-.0055121779
2005,335313,.0031137466
2006,335313,-.0081306696
2007,335313,-.0037033558
2008,335313,.0079898834
2009,335313,-.0015057921
2010,335313,-.0012208223
2011,335313,.007496953
2012,335313,-.0051653385
2013,335313,.0015543699
2014,335313,-.0059469342
2015,335313,-.0093613267
2001,335314,.022742957
2002,335314,.011679262
2003,335314,.018820286
2004,335314,.015837252
2005,335314,-.0014883876
2006,335314,.0035351515
2007,335314,.014817238
2008,335314,.0042406321
2009,335314,-.021448493
2010,335314,.012622416
2011,335314,-.0078594685
2012,335314,-.008246243
2013,335314,.059407532
2014,335314,-.0037917495
2015,335314,-.011101186
2001,335911,.053115487
2002,335911,-.20538116
2003,335911,-.0012475848
2004,335911,-.019432753
2005,335911,-.044634074
2006,335911,-.02550137
2007,335911,.015648931
2008,335911,-.043066233
2009,335911,-.024346501
2010,335911,.0067299306
2011,335911,.073219717
2012,335911,-.001291424
2013,335911,.00054979324
2014,335911,.36347982
2015,335911,.037595272
2001,335921,.19521242
2002,335921,.062491417
2003,335921,.077620506
2004,335921,.055219531
2005,335921,.0054938793
2006,335921,.011334062
2007,335921,.0078469515
2008,335921,.015517831
2009,335921,-.0078088045
2010,335921,.037280202
2011,335921,-1.1920929e-07
2012,335921,0
2013,335921,1.1920929e-07
2014,335921,0
2015,335921,0
2001,335931,-.005402565
2002,335931,.0050913095
2003,335931,.0063915551
2004,335931,-.0029686093
2005,335931,-.0080809891
2006,335931,.00099486113
2007,335931,-.0043909252
2008,335931,-.011088461
2009,335931,.047051847
2010,335931,.0012067556
2011,335931,-.00080704689
2012,335931,.49383318
2013,335931,0
2014,335931,0
2015,335931,0
2001,336111,-.070167243
2002,336111,-.0018088669
2003,336111,-.002705425
2004,336111,.0014383942
2005,336111,-.030415818
2006,336111,-.001517266
2007,336111,-.0026515275
2008,336111,-.0071747005
2009,336111,-.011169285
2010,336111,.000011026859
2011,336111,-.0068868548
2012,336111,.00015826523
2013,336111,-.0041715056
2014,336111,-.0073141903
2015,336111,.013406202
2001,336120,.05827415
2002,336120,.021320611
2003,336120,.14683315
2004,336120,.00078237057
2005,336120,-.052675903
2006,336120,.015626609
2007,336120,-.13300967
2008,336120,-.039595574
2009,336120,.029025286
2010,336120,-.0041095614
2011,336120,.0032006502
2012,336120,.0041667819
2013,336120,-.0038274527
2014,336120,-.027881056
2015,336120,.012625426
2001,336211,.027806073
2002,336211,.17640296
2003,336211,-.002266556
2004,336211,-.23002964
2005,336211,.082909316
2006,336211,-.026477918
2007,336211,-.0040168911
2008,336211,.022934541
2009,336211,-.0078533143
2010,336211,.028515935
2011,336211,.010460407
2012,336211,.038074374
2013,336211,-.020370722
2014,336211,-.059307665
2015,336211,-.043174222
2001,336212,-.028222144
2002,336212,.087519169
2003,336212,.028459668
2004,336212,-.0046604872
2005,336212,.020820737
2006,336212,.26409304
2007,336212,0
2008,336212,0
2009,336212,0
2010,336212,0
2011,336212,-.27444977
2012,336212,.011553586
2013,336212,.0082944632
2014,336212,-.0014436841
2015,336212,.25604528
2001,336214,.0017836988
2002,336214,.04164964
2003,336214,.024941862
2004,336214,.0077084303
2005,336214,.044466436
2006,336214,.059573531
2007,336214,-.014860988
2008,336214,.054854035
2009,336214,.088839293
2010,336214,-.061127305
2011,336214,.01669538
2012,336214,-.0082648993
2013,336214,-.051301479
2014,336214,-.015172005
2015,336214,.018326521
2001,336310,.0012910366
2002,336310,-.10727242
2003,336310,-.011453003
2004,336310,-.0036765039
2005,336310,-.0160923
2006,336310,.0017661154
2007,336310,.014176875
2008,336310,.0046191812
2009,336310,.0066506267
2010,336310,.060396969
2011,336310,.0011066794
2012,336310,.004645884
2013,336310,-.0015898645
2014,336310,.021291405
2015,336310,-.14288661
2001,336320,-.0066055954
2002,336320,.0044742227
2003,336320,.0056717694
2004,336320,-.0047504306
2005,336320,-.0060558915
2006,336320,.069794685
2007,336320,-.060512811
2008,336320,-.020179182
2009,336320,-.038199186
2010,336320,.016675055
2011,336320,.0061852336
2012,336320,.0035646558
2013,336320,.0059896111
2014,336320,-.0096577108
2015,336320,.1055738
2001,336330,-.06026566
2002,336330,.41469133
2003,336330,-.014008522
2004,336330,-.00027048588
2005,336330,.00019967556
2006,336330,-.0063234568
2007,336330,-.019364357
2008,336330,-.0037642717
2009,336330,-.066756606
2010,336330,-.050041199
2011,336330,.03010273
2012,336330,-.0011392832
2013,336330,-.050009727
2014,336330,-.014854789
2015,336330,-.0031913519
2001,336370,-.0078670382
2002,336370,.0548051
2003,336370,.041980743
2004,336370,.0060558319
2005,336370,.0071275234
2006,336370,-.044120431
2007,336370,.31557214
2008,336370,0
2009,336370,0
2010,336370,0
2011,336370,0
2012,336370,0
2013,336370,-1.1920929e-07
2014,336370,1.1920929e-07
2015,336370,0
2001,336390,.00062903762
2002,336390,-.0057810843
2003,336390,.0025121868
2004,336390,.012217656
2005,336390,.0018267483
2006,336390,.00047981739
2007,336390,.0068742931
2008,336390,.00030305982
2009,336390,-.0039216578
2010,336390,.0095050931
2011,336390,.0012437999
2012,336390,.007587254
2013,336390,.0088024139
2014,336390,-.00011561811
2015,336390,-.015399843
2001,336411,.033007085
2002,336411,.022471786
2003,336411,-.23556343
2004,336411,.020618826
2005,336411,.014459372
2006,336411,-.12326583
2007,336411,-.016254991
2008,336411,-.031531096
2009,336411,.031920791
2010,336411,-.0051919222
2011,336411,.0038336515
2012,336411,.033632219
2013,336411,.0083848536
2014,336411,-.0026214123
2015,336411,.020241261
2001,336412,.035340011
2002,336412,.0063112378
2003,336412,.011584997
2004,336412,.0054166913
2005,336412,.0062855482
2006,336412,-.0016702414
2007,336412,.087491393
2008,336412,-.0015442967
2009,336412,-.0005401969
2010,336412,-.0016305447
2011,336412,-.0040705204
2012,336412,-.0054357648
2013,336412,-.00013285875
2014,336412,-.002805531
2015,336412,-.0065817833
2001,336413,-.029626161
2002,336413,.014790028
2003,336413,-.010270983
2004,336413,-.010894805
2005,336413,-.01153183
2006,336413,-.075870752
2007,336413,-.0035658777
2008,336413,.014318317
2009,336413,-.02635631
2010,336413,-.011231154
2011,336413,-.0080820322
2012,336413,.051228583
2013,336413,-.0084704459
2014,336413,-.0094733238
2015,336413,-.069128454
2001,336510,.036866963
2002,336510,.04082495
2003,336510,-.16091931
2004,336510,.023564935
2005,336510,-.24699032
2006,336510,-.056296736
2007,336510,-.066961884
2008,336510,-.001265049
2009,336510,.0093912184
2010,336510,.027336389
2011,336510,.3035312
2012,336510,-.070430636
2013,336510,.011969507
2014,336510,-.31241047
2015,336510,-.0029620826
2001,336999,.0046180487
2002,336999,.00902161
2003,336999,.0045448244
2004,336999,.0036068261
2005,336999,.115022
2006,336999,.10835889
2007,336999,.052118301
2008,336999,.035593748
2009,336999,.00096392632
2010,336999,.040288806
2011,336999,.010956287
2012,336999,.0096789598
2013,336999,.014587581
2014,336999,.038134456
2015,336999,.024923742
2001,337214,-.0063039362
2002,337214,-.060484082
2003,337214,-.0015423894
2004,337214,.012766063
2005,337214,-.0032578707
2006,337214,-.0036372542
2007,337214,.0058876872
2008,337214,.042975157
2009,337214,.00052210689
2010,337214,.0064156353
2011,337214,-.011731207
2012,337214,-.0010773242
2013,337214,.010651231
2014,337214,-.016919047
2015,337214,-.009144336
2001,339930,-.005201757
2002,339930,-.010671943
2003,339930,-.0038471818
2004,339930,-.0059286952
2005,339930,-.0098946691
2006,339930,.036070228
2007,339930,.10299221
2008,339930,.017118245
2009,339930,-.022963971
2010,339930,-.047672659
2011,339930,-.054890424
2012,339930,-.010383606
2013,339930,-.0032953322
2014,339930,.0092608631
2015,339930,-.036126763
2001,423120,-.0044440627
2002,423120,-.013326585
2003,423120,-.006210804
2004,423120,-.0035627484
2005,423120,-.0029842257
2006,423120,-.0045328736
2007,423120,.11755252
2008,423120,.0059619546
2009,423120,.003336072
2010,423120,.0010979176
2011,423120,.0019390583
2012,423120,-.32360649
2013,423120,-.0043666363
2014,423120,.12490505
2015,423120,.025372088
2001,423310,-.003672719
2002,423310,.012981623
2003,423310,.0048348904
2004,423310,.03069824
2005,423310,.00026106834
2006,423310,-.024555743
2007,423310,-.020525187
2008,423310,-.043240041
2009,423310,-.050441444
2010,423310,-.10415491
2011,423310,-.013748348
2012,423310,-.065055326
2013,423310,.019841522
2014,423310,-.023398057
2015,423310,.037130624
2001,423330,.010712266
2002,423330,-.2939775
2003,423330,.049977064
2004,423330,.46181762
2005,423330,0
2006,423330,0
2007,423330,0
2008,423330,0
2009,423330,0
2010,423330,0
2011,423330,0
2012,423330,0
2013,423330,0
2014,423330,0
2015,423330,0
2001,423430,-.032774359
2002,423430,-.023138925
2003,423430,.012079924
2004,423430,.016306624
2005,423430,.021219134
2006,423430,-.00010201335
2007,423430,.0066141188
2008,423430,-.052065015
2009,423430,-.0024100542
2010,423430,.004254356
2011,423430,-.0053751171
2012,423430,.0014093965
2013,423430,.014695019
2014,423430,.00053289533
2015,423430,-.011088848
2001,423450,-.0019552708
2002,423450,.012539953
2003,423450,-.020383924
2004,423450,-.055316389
2005,423450,.0017393827
2006,423450,.00072184205
2007,423450,.063469261
2008,423450,-.00090113282
2009,423450,-.051914349
2010,423450,-.000076338649
2011,423450,.0021047443
2012,423450,.026729479
2013,423450,-.0032900274
2014,423450,-.004477039
2015,423450,.11100148
2001,423510,-.0037383735
2002,423510,-.02785404
2003,423510,-.017179683
2004,423510,.013451785
2005,423510,.10356829
2006,423510,-.068899259
2007,423510,.00068828464
2008,423510,.091863379
2009,423510,-.089069352
2010,423510,-.0084518045
2011,423510,-.0050426424
2012,423510,-.01151675
2013,423510,.034524709
2014,423510,.0079195946
2015,423510,.036219999
2001,423610,.00074636936
2002,423610,-.005218029
2003,423610,.0062343478
2004,423610,-.022867173
2005,423610,-.0035065711
2006,423610,-.013181597
2007,423610,.00072520971
2008,423610,-.00043714046
2009,423610,.0011615157
2010,423610,-.002599746
2011,423610,.001178205
2012,423610,.005802542
2013,423610,.0092581511
2014,423610,.00028255582
2015,423610,.00067684054
2001,423690,-.0083846748
2002,423690,-.041056752
2003,423690,-.004358992
2004,423690,.056508467
2005,423690,-.0039940327
2006,423690,.018838763
2007,423690,-.015602246
2008,423690,.0074967295
2009,423690,-.021305501
2010,423690,.033135951
2011,423690,.051226497
2012,423690,.073254734
2013,423690,.001108855
2014,423690,.0068607926
2015,423690,.0036934316
2001,423710,-.086230695
2002,423710,-.044514507
2003,423710,.029188544
2004,423710,-.036987185
2005,423710,-.018748611
2006,423710,-.021717042
2007,423710,-.00049805641
2008,423710,.0019592643
2009,423710,.043018758
2010,423710,-.0032608509
2011,423710,-.010814905
2012,423710,-.038279861
2013,423710,.0048617721
2014,423710,.00025314093
2015,423710,.0032124817
2001,423730,.070915401
2002,423730,-.054525018
2003,423730,.014660001
2004,423730,-.003061831
2005,423730,-.0076152086
2006,423730,-.01723665
2007,423730,-.012380362
2008,423730,-.020444393
2009,423730,.05025661
2010,423730,.026198924
2011,423730,.0083210468
2012,423730,.044048488
2013,423730,.0026532412
2014,423730,.005649209
2015,423730,.0015277863
2001,423810,.062987983
2002,423810,-.01071763
2003,423810,.0057919025
2004,423810,.0065230727
2005,423810,.017143607
2006,423810,-.011132121
2007,423810,.025014579
2008,423810,.0040770769
2009,423810,-.0059484839
2010,423810,-.038070619
2011,423810,.10893875
2012,423810,.0061725974
2013,423810,-.0072273016
2014,423810,-.0028968453
2015,423810,-.034396827
2001,423820,0
2002,423820,0
2003,423820,0
2004,423820,-1.1920929e-07
2005,423820,1.1920929e-07
2006,423820,0
2007,423820,0
2008,423820,-1.1920929e-07
2009,423820,1.1920929e-07
2010,423820,0
2011,423820,0
2012,423820,0
2013,423820,0
2014,423820,-.49453527
2015,423820,-.0033240914
2001,423840,.049249768
2002,423840,.0021124482
2003,423840,.025452018
2004,423840,.053910106
2005,423840,.00058755279
2006,423840,.021392524
2007,423840,-.016195267
2008,423840,-.043150246
2009,423840,.011885464
2010,423840,-.016632318
2011,423840,-.0028089285
2012,423840,-.016037017
2013,423840,-.0060278177
2014,423840,-.011742085
2015,423840,.020346701
2001,423860,-.043466836
2002,423860,.016158462
2003,423860,.018469334
2004,423860,-.00099286437
2005,423860,-.0025814474
2006,423860,.35536116
2007,423860,.029679537
2008,423860,.014582396
2009,423860,-.34342903
2010,423860,.086947381
2011,423860,.013824463
2012,423860,-.22630805
2013,423860,-.023101956
2014,423860,-.034270972
2015,423860,-.0022063255
2001,423910,.085452378
2002,423910,.0035310388
2003,423910,.00027596951
2004,423910,.39844549
2005,423910,0
2006,423910,0
2007,423910,0
2008,423910,-.3944242
2009,423910,-.075366318
2010,423910,.46979052
2011,423910,0
2012,423910,0
2013,423910,0
2014,423910,0
2015,423910,0
2001,424120,.0020533502
2002,424120,.0014593005
2003,424120,.034315348
2004,424120,-.023987085
2005,424120,.035034746
2006,424120,.019546688
2007,424120,.0078809261
2008,424120,.046369016
2009,424120,.04332751
2010,424120,.0037716627
2011,424120,.0044704676
2012,424120,.00050354004
2013,424120,.34442091
2014,424120,0
2015,424120,0
2001,424210,.0095188916
2002,424210,-.026762903
2003,424210,.0030771792
2004,424210,.3806963
2005,424210,-.0026891232
2006,424210,-.34271222
2007,424210,-.0021455884
2008,424210,-.0024683774
2009,424210,.00017130375
2010,424210,.40170649
2011,424210,-.0024908781
2012,424210,.026389718
2013,424210,.0050189495
2014,424210,-.38103247
2015,424210,.38341588
2001,424340,1.1920929e-07
2002,424340,0
2003,424340,0
2004,424340,0
2005,424340,0
2006,424340,0
2007,424340,0
2008,424340,0
2009,424340,0
2010,424340,0
2011,424340,-1.1920929e-07
2012,424340,1.1920929e-07
2013,424340,0
2014,424340,0
2015,424340,0
2001,424490,-.019638389
2002,424490,.0064759254
2003,424490,-.0098178089
2004,424490,.026540339
2005,424490,-.0019377768
2006,424490,.01764673
2007,424490,-.006881386
2008,424490,.018877834
2009,424490,.0079314709
2010,424490,.054018617
2011,424490,.029080272
2012,424490,.01879102
2013,424490,.030829847
2014,424490,.030229032
2015,424490,.031960309
2001,424510,.13598609
2002,424510,.12501162
2003,424510,-.29404163
2004,424510,.014799803
2005,424510,-.013241768
2006,424510,-.0058360994
2007,424510,.15496975
2008,424510,.022651255
2009,424510,.0021604896
2010,424510,.033659756
2011,424510,.010040462
2012,424510,.001804471
2013,424510,.40105259
2014,424510,1.1920929e-07
2015,424510,0
2001,424590,.0094736218
2002,424590,-.044382215
2003,424590,.026465297
2004,424590,.38058805
2005,424590,0
2006,424590,-1.1920929e-07
2007,424590,1.1920929e-07
2008,424590,0
2009,424590,0
2010,424590,-1.1920929e-07
2011,424590,0
2012,424590,1.1920929e-07
2013,424590,-1.1920929e-07
2014,424590,0
2015,424590,1.1920929e-07
2001,424940,-.048761606
2002,424940,-.069047689
2003,424940,-.037480026
2004,424940,.053664654
2005,424940,-.10635671
2006,424940,.019157797
2007,424940,.0063259006
2008,424940,.0014935434
2009,424940,.015001148
2010,424940,.026725829
2011,424940,.01742661
2012,424940,.0096271634
2013,424940,.016815305
2014,424940,.029776633
2015,424940,.026553512
2001,441110,-.0050854683
2002,441110,-.020258054
2003,441110,-.00942114
2004,441110,-.012127042
2005,441110,-.011278152
2006,441110,-.0058861971
2007,441110,-.0049890727
2008,441110,.0043323785
2009,441110,-.0054317266
2010,441110,-.0010851622
2011,441110,-.0081781149
2012,441110,-.0021970123
2013,441110,-.0016148686
2014,441110,-.0051203966
2015,441110,-.002504468
2001,441120,.18453509
2002,441120,.23232174
2003,441120,.0022554994
2004,441120,-.001496315
2005,441120,.0047088265
2006,441120,.0093137622
2007,441120,-.0058432221
2008,441120,-.014310122
2009,441120,.0018655658
2010,441120,.0065119267
2011,441120,-.0011183023
2012,441120,-.025588393
2013,441120,.032366514
2014,441120,.0023550987
2015,441120,-.00038850307
2001,441222,.003064543
2002,441222,.01188153
2003,441222,.027231634
2004,441222,.085676521
2005,441222,.010606766
2006,441222,.021041274
2007,441222,.011202216
2008,441222,-.030305266
2009,441222,-.014039934
2010,441222,.012913406
2011,441222,-.0024627447
2012,441222,-.0025513172
2013,441222,-.0059111118
2014,441222,-.0012174845
2015,441222,-.00025993586
2001,441310,.017405763
2002,441310,-.0012893379
2003,441310,.049722493
2004,441310,-.0030971766
2005,441310,-.0044869483
2006,441310,-.0039457977
2007,441310,.0032160878
2008,441310,.042945862
2009,441310,-.0045804977
2010,441310,.00093346834
2011,441310,.0024499595
2012,441310,.0023232996
2013,441310,.0026890337
2014,441310,.0029455721
2015,441310,.040085137
2001,442110,.00013098121
2002,442110,.012443513
2003,442110,.004942745
2004,442110,.039037317
2005,442110,-.047621042
2006,442110,-.003130883
2007,442110,.0068397522
2008,442110,-.0041611493
2009,442110,-.044033885
2010,442110,-.033557862
2011,442110,-.000095710158
2012,442110,-.0012435913
2013,442110,.043752208
2014,442110,.0078480691
2015,442110,.0091578066
2001,442299,.040345579
2002,442299,.0062347054
2003,442299,.0022179782
2004,442299,.0060998797
2005,442299,.19309175
2006,442299,.034591794
2007,442299,.02562356
2008,442299,.025248408
2009,442299,.036102235
2010,442299,.010061324
2011,442299,-.059821188
2012,442299,.10123724
2013,442299,.0016960502
2014,442299,-.047292531
2015,442299,-.0083250999
2001,443142,.1150611
2002,443142,-.00099468231
2003,443142,.024640918
2004,443142,.0086957812
2005,443142,-.035248041
2006,443142,-.011440039
2007,443142,.0076055527
2008,443142,.0071203709
2009,443142,.023298562
2010,443142,-.0081047416
2011,443142,-.011241019
2012,443142,-.021797299
2013,443142,-.015789747
2014,443142,.046984076
2015,443142,.033259213
2001,444110,-.093920469
2002,444110,-.0049782693
2003,444110,.016602278
2004,444110,.010258108
2005,444110,-.0013805032
2006,444110,-.0028062165
2007,444110,-.027508378
2008,444110,.01196155
2009,444110,-.010517985
2010,444110,.0019215643
2011,444110,-.024504036
2012,444110,.0067846179
2013,444110,-.0044261217
2014,444110,.011069
2015,444110,.010430247
2001,445110,.0049395934
2002,445110,.0085808188
2003,445110,-.011289731
2004,445110,-.0027009249
2005,445110,-.0042626336
2006,445110,.023963742
2007,445110,.015807331
2008,445110,.0030995309
2009,445110,-.034294248
2010,445110,-.0058195591
2011,445110,-.01824785
2012,445110,-.0013175458
2013,445110,-.0067030415
2014,445110,.013414688
2015,445110,.016487375
2001,446110,.043534696
2002,446110,-.036034822
2003,446110,.056485742
2004,446110,.006863147
2005,446110,-.040906504
2006,446110,.0052688271
2007,446110,.031364769
2008,446110,.080856144
2009,446110,.018387794
2010,446110,-.003473103
2011,446110,-.025933087
2012,446110,.019352525
2013,446110,-.0011724234
2014,446110,.039222866
2015,446110,.0033657253
2001,447110,.0060510635
2002,447110,-.0037095547
2003,447110,-.0023311675
2004,447110,.0033732057
2005,447110,.026004463
2006,447110,-.00021588802
2007,447110,-.0037274063
2008,447110,-.00075730681
2009,447110,-.011395305
2010,447110,-.089268059
2011,447110,-.057677954
2012,447110,-.0022659749
2013,447110,-.0074305236
2014,447110,.032818124
2015,447110,.043552577
2001,448110,.23301491
2002,448110,.12044752
2003,448110,-.0015640855
2004,448110,.0056874752
2005,448110,.012341499
2006,448110,.019803405
2007,448110,.032782674
2008,448110,.12876725
2009,448110,0
2010,448110,0
2011,448110,0
2012,448110,0
2013,448110,0
2014,448110,0
2015,448110,0
2001,448130,-.08158198
2002,448130,-.035155118
2003,448130,.16841286
2004,448130,.024340332
2005,448130,.035917997
2006,448130,.0059486628
2007,448130,-.011012256
2008,448130,-.036097825
2009,448130,.4707256
2010,448130,0
2011,448130,0
2012,448130,0
2013,448130,0
2014,448130,0
2015,448130,0
2001,448140,-.0017202944
2002,448140,-.0034983754
2003,448140,.0014142245
2004,448140,-2.9802322e-07
2005,448140,-.0032408684
2006,448140,-.0054348111
2007,448140,-.0014777184
2008,448140,-.0010414571
2009,448140,.0074777752
2010,448140,-.0019439161
2011,448140,-.0044027716
2012,448140,.0021319091
2013,448140,.0032707155
2014,448140,.020459279
2015,448140,.0083701313
2001,448190,.37072852
2002,448190,.024974823
2003,448190,.014603257
2004,448190,.022268295
2005,448190,.0059278011
2006,448190,.019197702
2007,448190,-.023428142
2008,448190,.041445076
2009,448190,-.00050413609
2010,448190,.012142062
2011,448190,.0045301914
2012,448190,.0017024279
2013,448190,.0050514936
2014,448190,.015805125
2015,448190,0
2001,448210,-.0065643787
2002,448210,-.024776056
2003,448210,-.0019342452
2004,448210,-.0025901347
2005,448210,-.0067682862
2006,448210,-.008414343
2007,448210,-.00079317391
2008,448210,.0043248683
2009,448210,-.010274887
2010,448210,-.005246833
2011,448210,.032485723
2012,448210,.060054854
2013,448210,.0024490952
2014,448210,.0022062063
2015,448210,-.0061484873
2001,451110,.0038853362
2002,451110,-.027819864
2003,451110,.018810354
2004,451110,.032404199
2005,451110,-.0057805479
2006,451110,.027306959
2007,451110,.02356036
2008,451110,.0062545687
2009,451110,.042131692
2010,451110,.026424065
2011,451110,.067471415
2012,451110,.00051987171
2013,451110,-.0029970109
2014,451110,.028643429
2015,451110,-.00053375959
2001,451120,-.014517009
2002,451120,-.044769943
2003,451120,-.024228692
2004,451120,-.038888574
2005,451120,.095848978
2006,451120,.01581192
2007,451120,.011806905
2008,451120,.0044431686
2009,451120,.0021387339
2010,451120,-.00059020519
2011,451120,.022185624
2012,451120,-.012462735
2013,451120,-.020869136
2014,451120,-.0095359087
2015,451120,-.013197899
2001,451211,-.0011978149
2002,451211,.0037376285
2003,451211,.0098748803
2004,451211,.0034452379
2005,451211,-.0002669692
2006,451211,-.013838321
2007,451211,-.0014685988
2008,451211,-.0054887235
2009,451211,.028680265
2010,451211,.11094943
2011,451211,.20373499
2012,451211,-.20378119
2013,451211,-.010173708
2014,451211,-.0160411
2015,451211,-.038232267
2001,452210,.00010290742
2002,452210,-.0069748461
2003,452210,-.063669056
2004,452210,-.0008610785
2005,452210,.0088413358
2006,452210,.0071846545
2007,452210,-.0010769069
2008,452210,-.0011611283
2009,452210,.00047552586
2010,452210,.002656281
2011,452210,-.02448985
2012,452210,.0076738894
2013,452210,-.0024683774
2014,452210,-.014779925
2015,452210,-.013455287
2001,452311,1.1920929e-07
2002,452311,0
2003,452311,0
2004,452311,0
2005,452311,0
2006,452311,0
2007,452311,0
2008,452311,0
2009,452311,0
2010,452311,0
2011,452311,-.032527566
2012,452311,.002902627
2013,452311,.0011185408
2014,452311,.00047838688
2015,452311,-.0019512177
2001,452319,.0033211708
2002,452319,.0036565065
2003,452319,-.010724068
2004,452319,.017269373
2005,452319,-.0074239969
2006,452319,-.0060254931
2007,452319,.0012308955
2008,452319,.01591593
2009,452319,-.010855079
2010,452319,-.015770197
2011,452319,.0020323396
2012,452319,-.0091102719
2013,452319,-.0012678504
2014,452319,.0039811134
2015,452319,-.018585026
2001,453998,.0080447495
2002,453998,.016166031
2003,453998,.055121273
2004,453998,.03452158
2005,453998,.033997804
2006,453998,.0024652183
2007,453998,.023628891
2008,453998,.022379547
2009,453998,.024132311
2010,453998,.12069809
2011,453998,.0057088733
2012,453998,.049623072
2013,453998,.14252251
2014,453998,-.075256765
2015,453998,-.001414001
2001,481211,-.012359887
2002,481211,.000062465668
2003,481211,.0014902055
2004,481211,.0073836744
2005,481211,-.0048100352
2006,481211,-.086611599
2007,481211,.29939449
2008,481211,-.0031648278
2009,481211,.012400568
2010,481211,-.11701599
2011,481211,-.12550056
2012,481211,-.0082787871
2013,481211,-.014535844
2014,481211,.0011684895
2015,481211,-.0016308129
2001,483112,.010993421
2002,483112,-.005682677
2003,483112,.039337367
2004,483112,.014706939
2005,483112,.0059746802
2006,483112,.0049968064
2007,483112,-.011505693
2008,483112,-.0041227043
2009,483112,-.00060904026
2010,483112,-.048897684
2011,483112,-.0020419955
2012,483112,-.0006031394
2013,483112,-.0078454912
2014,483112,-.007805258
2015,483112,-.014236808
2001,483113,-.0090973079
2002,483113,.010773152
2003,483113,-.099100709
2004,483113,.017354071
2005,483113,.038796335
2006,483113,.0040119588
2007,483113,-.0058769286
2008,483113,-.0083647668
2009,483113,-.0015283823
2010,483113,.21052885
2011,483113,-.01592344
2012,483113,-.01840651
2013,483113,.029862344
2014,483113,.0075423121
2015,483113,.053589344
2001,483211,.019884229
2002,483211,.43521357
2003,483211,-.20511329
2004,483211,-.054609418
2005,483211,.016261399
2006,483211,.013792336
2007,483211,.0020307302
2008,483211,.0070931911
2009,483211,.22054505
2010,483211,0
2011,483211,0
2012,483211,0
2013,483211,0
2014,483211,0
2015,483211,0
2001,484121,.045245379
2002,484121,.035764694
2003,484121,-.074136347
2004,484121,-.0014502406
2005,484121,.032734841
2006,484121,-.021659791
2007,484121,.033335268
2008,484121,.017832696
2009,484121,.031453311
2010,484121,.018166661
2011,484121,-.018084466
2012,484121,.0060036182
2013,484121,.028547406
2014,484121,.023936749
2015,484121,.010012388
2001,512131,.037647963
2002,512131,.12931889
2003,512131,.08655113
2004,512131,-.1198816
2005,512131,.097360611
2006,512131,.17511764
2007,512131,-.2379728
2008,512131,-.0061474144
2009,512131,.072217882
2010,512131,-.055229187
2011,512131,.0023216009
2012,512131,.15497041
2013,512131,-.23698688
2014,512131,.21414322
2015,512131,.01027745
2001,518210,.016441599
2002,518210,-.0038132221
2003,518210,-.023919597
2004,518210,.0078553408
2005,518210,-.040768757
2006,518210,-.032589749
2007,518210,-.011713542
2008,518210,.00021651387
2009,518210,.0047621429
2010,518210,.0051750615
2011,518210,.0011011735
2012,518210,-.0055408403
2013,518210,-.015794232
2014,518210,-.011465795
2015,518210,-.00028818846
2001,541211,0
2002,541211,0
2003,541211,0
2004,541211,0
2005,541211,0
2006,541211,0
2007,541211,0
2008,541211,0
2009,541211,0
2010,541211,-1.1920929e-07
2011,541211,1.1920929e-07
2012,541211,0
2013,541211,-1.1920929e-07
2014,541211,1.1920929e-07
2015,541211,0
2001,541330,.0074678361
2002,541330,.030125856
2003,541330,-.010241628
2004,541330,-.0067943782
2005,541330,-.034470811
2006,541330,.0035929829
2007,541330,.0014527589
2008,541330,.039080083
2009,541330,.00087554753
2010,541330,-.017377347
2011,541330,-.006528154
2012,541330,.0048748106
2013,541330,-.0025143772
2014,541330,-.0085975379
2015,541330,-.0026613474
2001,541611,.0090740323
2002,541611,.23275137
2003,541611,-.016493082
2004,541611,-.022699952
2005,541611,.0056506395
2006,541611,-.00015377998
2007,541611,.0059314966
2008,541611,.043740153
2009,541611,.11722445
2010,541611,.054053903
2011,541611,.013849378
2012,541611,-.0029129386
2013,541611,-.01020062
2014,541611,-.001478672
2015,541611,-.011474967
2001,541612,-.32651389
2002,541612,-.0021780729
2003,541612,-.041863114
2004,541612,.37397376
2005,541612,-.022706985
2006,541612,.040787697
2007,541612,-.010972857
2008,541612,.0087767839
2009,541612,-.012872219
2010,541612,-.016922414
2011,541612,.0077368021
2012,541612,-.0061001778
2013,541612,-.010077
2014,541612,-.024930179
2015,541612,-.0077222586
2001,541620,.066746742
2002,541620,.066959411
2003,541620,.0055065751
2004,541620,.025915325
2005,541620,-.060734987
2006,541620,-.07641682
2007,541620,-.049262702
2008,541620,.017249078
2009,541620,.0042897463
2010,541620,-.03113839
2011,541620,.0035461187
2012,541620,.13314477
2013,541620,.033783793
2014,541620,-.0010119081
2015,541620,-.015829861
2001,541714,.031115532
2002,541714,.048329353
2003,541714,.031525612
2004,541714,.13491511
2005,541714,-1.1920929e-07
2006,541714,1.1920929e-07
2007,541714,0
2008,541714,0
2009,541714,0
2010,541714,0
2011,541714,0
2012,541714,0
2013,541714,-1.1920929e-07
2014,541714,1.1920929e-07
2015,541714,0
2001,541860,-.015885323
2002,541860,-.0021750629
2003,541860,.00027409196
2004,541860,.0190157
2005,541860,.00046783686
2006,541860,-.000094115734
2007,541860,.49515009
2008,541860,0
2009,541860,0
2010,541860,0
2011,541860,0
2012,541860,0
2013,541860,-1.1920929e-07
2014,541860,1.1920929e-07
2015,541860,-1.1920929e-07
2001,541940,0
2002,541940,0
2003,541940,0
2004,541940,0
2005,541940,0
2006,541940,0
2007,541940,0
2008,541940,-.096345365
2009,541940,.0078688264
2010,541940,.088476539
2011,541940,0
2012,541940,0
2013,541940,-1.1920929e-07
2014,541940,1.1920929e-07
2015,541940,0
2001,561320,.018967122
2002,561320,.019229412
2003,561320,.022255674
2004,561320,.0097652823
2005,561320,-.023061857
2006,561320,.017719984
2007,561320,.0036114156
2008,561320,.011167064
2009,561320,.020995349
2010,561320,.037119061
2011,561320,.033062339
2012,561320,-.035578787
2013,561320,-.01744917
2014,561320,.0011796057
2015,561320,-.031918138
2001,561613,0
2002,561613,0
2003,561613,0
2004,561613,-1.1920929e-07
2005,561613,1.1920929e-07
2006,561613,0
2007,561613,0
2008,561613,0
2009,561613,0
2010,561613,0
2011,561613,0
2012,561613,0
2013,561613,0
2014,561613,0
2015,561613,-1.1920929e-07
2001,561720,.008587122
2002,561720,.0089725852
2003,561720,-.032036662
2004,561720,-.015655518
2005,561720,-.0027244687
2006,561720,.073568285
2007,561720,.040674746
2008,561720,.020159066
2009,561720,-.053274214
2010,561720,-.01850158
2011,561720,.085534871
2012,561720,-.034139931
2013,561720,.0089681745
2014,561720,-.013815165
2015,561720,-.025479853
2001,562111,-.023788363
2002,562111,-.010215938
2003,562111,-.0076418221
2004,562111,-.0029824376
2005,562111,-.020226568
2006,562111,-.009695828
2007,562111,-.0048265755
2008,562111,.1322408
2009,562111,-.082876444
2010,562111,.0068993568
2011,562111,-.0083968341
2012,562111,.0069046021
2013,562111,-.0086995065
2014,562111,-.038511455
2015,562111,-.0099129677
2001,562920,0
2002,562920,0
2003,562920,0
2004,562920,0
2005,562920,0
2006,562920,-1.1920929e-07
2007,562920,1.1920929e-07
2008,562920,0
2009,562920,0
2010,562920,-1.1920929e-07
2011,562920,0
2012,562920,1.1920929e-07
2013,562920,-1.1920929e-07
2014,562920,1.1920929e-07
2015,562920,0
2001,621340,-.0015934706
2002,621340,.016045094
2003,621340,.022390604
2004,621340,-.18909165
2005,621340,.13793167
2006,621340,-.0012972355
2007,621340,-.00044173002
2008,621340,.49961358
2009,621340,-1.1920929e-07
2010,621340,1.1920929e-07
2011,621340,0
2012,621340,0
2013,621340,0
2014,621340,0
2015,621340,0
2001,621492,.040361732
2002,621492,-.021234006
2003,621492,-.0024859607
2004,621492,-.01717788
2005,621492,-.020607322
2006,621492,.08871749
2007,621492,.0072545409
2008,621492,.0016815662
2009,621492,-.0028350949
2010,621492,.0081938505
2011,621492,-.0027167201
2012,621492,-.010594428
2013,621492,-.026777804
2014,621492,-.019067198
2015,621492,-.0025476813
2001,621511,-.0096354187
2002,621511,.05832243
2003,621511,.022036195
2004,621511,-.0046382844
2005,621511,.047663182
2006,621511,-.0022031069
2007,621511,.047511458
2008,621511,-.008710742
2009,621511,-.0057828426
2010,621511,.0024360418
2011,621511,-.035500228
2012,621511,-.0022613704
2013,621511,-.0065941215
2014,621511,-.002905041
2015,621511,.032560498
2001,621512,.024956971
2002,621512,-.13098428
2003,621512,-.036096215
2004,621512,-.056002915
2005,621512,-.0093705505
2006,621512,.025991231
2007,621512,.051472202
2008,621512,.01029107
2009,621512,-.0029023588
2010,621512,.016055524
2011,621512,.12245759
2012,621512,.0031209588
2013,621512,.0064260066
2014,621512,-.011502355
2015,621512,.008340627
2001,621610,-.0002554059
2002,621610,-.057076775
2003,621610,.01246693
2004,621610,.0032691211
2005,621610,.0084528178
2006,621610,.0045195222
2007,621610,-.003480196
2008,621610,.015228137
2009,621610,-.002545163
2010,621610,.012124524
2011,621610,.019905165
2012,621610,.0048556179
2013,621610,-.036463097
2014,621610,.011938244
2015,621610,-.00026394427
2001,622310,0
2002,622310,-1.1920929e-07
2003,622310,1.1920929e-07
2004,622310,0
2005,622310,0
2006,622310,-.031165838
2007,622310,-.35673988
2008,622310,.0064379573
2009,622310,-.021398962
2010,622310,-.056465328
2011,622310,-.027735114
2012,622310,-.00087857246
2013,622310,-.0023278594
2014,622310,-.0016636848
2015,622310,-.0067328215
2001,623311,1.1920929e-07
2002,623311,0
2003,623311,0
2004,623311,-.47826731
2005,623311,-.15266484
2006,623311,.0047181249
2007,623311,.0087631345
2008,623311,-.0071442127
2009,623311,.0011034906
2010,623311,.62349164
2011,623311,0
2012,623311,0
2013,623311,-.33611643
2014,623311,.034149766
2015,623311,.040675461
2001,623312,.00332883
2002,623312,.022593722
2003,623312,.25284457
2004,623312,-.022087514
2005,623312,.0067821145
2006,623312,.13438952
2007,623312,-.05130744
2008,623312,-.042482674
2009,623312,-.038475007
2010,623312,-.018891126
2011,623312,-.022910863
2012,623312,.30553302
2013,623312,.018839419
2014,623312,.25411296
2015,623312,0
2001,721120,.013703905
2002,721120,-.011305653
2003,721120,.0025717467
2004,721120,.021923475
2005,721120,.058497131
2006,721120,.037752211
2007,721120,-.0099523664
2008,721120,-.02454634
2009,721120,-.016590431
2010,721120,-.010993555
2011,721120,-.0088682175
2012,721120,.00081761181
2013,721120,.019195601
2014,721120,-.0042878687
2015,721120,.0038387179
2001,722310,-.39485446
2002,722310,.0099920332
2003,722310,.44301522
2004,722310,-.0029983521
2005,722310,.0079936981
2006,722310,.012152314
2007,722310,.010726571
2008,722310,.053408146
2009,722310,1.1920929e-07
2010,722310,0
2011,722310,0
2012,722310,-1.1920929e-07
2013,722310,1.1920929e-07
2014,722310,-1.1920929e-07
2015,722310,1.1920929e-07
2001,722513,.006870091
2002,722513,-.0060622692
2003,722513,-.004496932
2004,722513,-.043794036
2005,722513,-.007650882
2006,722513,-.0041729659
2007,722513,-.011787236
2008,722513,-.0031394511
2009,722513,.0039491504
2010,722513,.0048137903
2011,722513,.009062916
2012,722513,.0087194294
2013,722513,-.0093164444
2014,722513,.0058402717
2015,722513,-.03857179
2001,722514,1.1920929e-07
2002,722514,0
2003,722514,0
2004,722514,0
2005,722514,0
2006,722514,0
2007,722514,0
2008,722514,0
2009,722514,0
2010,722514,0
2011,722514,0
2012,722514,-.037480712
2013,722514,-.0016185045
2014,722514,.00013113022
2015,722514,-.0061664581
2001,812930,-.20601854
2002,812930,.19010714
2003,812930,-.0050524473
2004,812930,.017816305
2005,812930,-.010797799
2006,812930,-.0074961782
2007,812930,.45692444
2008,812930,0
2009,812930,0
2010,812930,0
2011,812930,0
2012,812930,0
2013,812930,-1.1920929e-07
2014,812930,1.1920929e-07
2015,812930,-1.1920929e-07
