year,naics_4,dmarkup
2001,111339,.011806071
2002,111339,.010951996
2003,111339,-.018639982
2004,111339,-.025249958
2005,111339,-.0093408823
2006,111339,-.031656563
2007,111339,.0047891736
2008,111339,.0050476193
2009,111339,.012387991
2010,111339,-.017420828
2011,111339,.0044855475
2012,111339,-.0043970346
2013,111339,-.0031358004
2014,111339,.0015624166
2015,111339,-.0098050237
2001,212313,-.03929925
2002,212313,-.02223742
2003,212313,.0050055981
2004,212313,.02308023
2005,212313,.020459294
2006,212313,.039277792
2007,212313,.050322413
2008,212313,-.048873425
2009,212313,-.0018898249
2010,212313,-.038741589
2011,212313,-.0095496178
2012,212313,-.049201965
2013,212313,.0049372911
2014,212313,.015078664
2015,212313,.042073846
2001,221118,.044515252
2002,221118,.0039923191
2003,221118,.0044665337
2004,221118,.073915362
2005,221118,-.017581224
2006,221118,-.020628214
2007,221118,.042299986
2008,221118,.025477886
2009,221118,.041085124
2010,221118,.029487014
2011,221118,-.087719321
2012,221118,.0055098534
2013,221118,-.056590676
2014,221118,-.038914919
2015,221118,-.031283498
2001,236210,-.00071394444
2002,236210,-.00047492981
2003,236210,.0098974705
2004,236210,.011772752
2005,236210,.0012155771
2006,236210,-.021981478
2007,236210,.024122477
2008,236210,.018431902
2009,236210,-.022949696
2010,236210,.0089213848
2011,236210,.011392236
2012,236210,.012272477
2013,236210,-.0040445328
2014,236210,.015813708
2015,236210,-.00055348873
2001,237120,-.030623913
2002,237120,-.0077129602
2003,237120,-.0050270557
2004,237120,-.014283776
2005,237120,.012451172
2006,237120,.018600583
2007,237120,-.053891182
2008,237120,.03039825
2009,237120,.046220899
2010,237120,.025086284
2011,237120,.010682106
2012,237120,-.03297472
2013,237120,-.045712233
2014,237120,-.021449208
2015,237120,.020723939
2001,237310,.008600831
2002,237310,.02265048
2003,237310,-.0063992739
2004,237310,.00096023083
2005,237310,.023307443
2006,237310,-.017405152
2007,237310,.0028069019
2008,237310,.025703311
2009,237310,-.013767838
2010,237310,-.074425936
2011,237310,.024135232
2012,237310,.0006210804
2013,237310,-.035326719
2014,237310,.027631044
2015,237310,.010755301
2001,237990,.033789635
2002,237990,-.037014484
2003,237990,-.04018712
2004,237990,-.019727468
2005,237990,-.0086227655
2006,237990,.01276505
2007,237990,.013967872
2008,237990,-.027506709
2009,237990,.009469986
2010,237990,.015908599
2011,237990,-.045220375
2012,237990,-.047971606
2013,237990,.060201168
2014,237990,-.003723979
2015,237990,-.028272629
2001,238210,.0013716221
2002,238210,-.037661195
2003,238210,-.014268279
2004,238210,-.014934182
2005,238210,.015452027
2006,238210,.016635418
2007,238210,.011551142
2008,238210,.019321799
2009,238210,.022207141
2010,238210,-.022301435
2011,238210,-.017749548
2012,238210,.013186574
2013,238210,.0060914755
2014,238210,.0069437027
2015,238210,-.024960399
2001,238220,-.0060414076
2002,238220,-.014764786
2003,238220,-.019281268
2004,238220,.0047465563
2005,238220,.0042613745
2006,238220,-.00094592571
2007,238220,.024664402
2008,238220,.035326242
2009,238220,.0065344572
2010,238220,-.038637519
2011,238220,-.031686306
2012,238220,.015168667
2013,238220,.025339723
2014,238220,.0030109882
2015,238220,.037611246
2001,311221,.048294306
2002,311221,-.056708813
2003,311221,.018431306
2004,311221,-.01164484
2005,311221,-.017440081
2006,311221,.022817254
2007,311221,-.0067847967
2008,311221,-.0091136694
2009,311221,-.053977132
2010,311221,.030860305
2011,311221,-.0015534163
2012,311221,.0048406124
2013,311221,-.016435981
2014,311221,.041567326
2015,311221,.053075433
2001,311313,-.06812942
2002,311313,.020274639
2003,311313,-.0082530975
2004,311313,-.02424264
2005,311313,-.0048197508
2006,311313,-.019593835
2007,311313,.01109314
2008,311313,.010011196
2009,311313,-.037363768
2010,311313,-.01736927
2011,311313,-.015465617
2012,311313,-.0015312433
2013,311313,-.0060300827
2014,311313,-.06744206
2015,311313,-.018525481
2001,311511,-.014557004
2002,311511,.029880762
2003,311511,-.0068769455
2004,311511,-.039114594
2005,311511,.015476465
2006,311511,.043187499
2007,311511,-.072155356
2008,311511,.0061658621
2009,311511,.078091979
2010,311511,-.053634763
2011,311511,.011598825
2012,311511,.047018051
2013,311511,-.045468211
2014,311511,-.031700134
2015,311511,.090570211
2001,311613,.021222949
2002,311613,.042038202
2003,311613,-.032153606
2004,311613,.010976911
2005,311613,-.04641664
2006,311613,-.017359972
2007,311613,.049234033
2008,311613,-.018301487
2009,311613,.041505933
2010,311613,-.0005273819
2011,311613,.022934675
2012,311613,-.031138778
2013,311613,-.012238503
2014,311613,-.090100169
2015,311613,-.0023267269
2001,311911,-.019414186
2002,311911,-.039529085
2003,311911,.041147709
2004,311911,-.013777614
2005,311911,-.058878064
2006,311911,-.079365492
2007,311911,.05444181
2008,311911,.065532446
2009,311911,.0030890703
2010,311911,.037126184
2011,311911,-.052995563
2012,311911,.025730133
2013,311911,.0049109459
2014,311911,-.016443849
2015,311911,-.018727183
2001,311942,.075017214
2002,311942,-.093262792
2003,311942,.067499638
2004,311942,.00091648102
2005,311942,.0067949295
2006,311942,.036239028
2007,311942,-.023410201
2008,311942,-.015658736
2009,311942,.032977104
2010,311942,.024229527
2011,311942,-.049414992
2012,311942,-.026617289
2013,311942,.0026159286
2014,311942,.0053344965
2015,311942,-.005396843
2001,313110,-.042143345
2002,313110,.010858655
2003,313110,.0065026283
2004,313110,-.033133149
2005,313110,-.039940178
2006,313110,.025165498
2007,313110,-.0088480115
2008,313110,.020169497
2009,313110,-.022710204
2010,313110,.057382286
2011,313110,-.025418997
2012,313110,-.030204415
2013,313110,.024626851
2014,313110,.013451099
2015,313110,.013629436
2001,313210,.006449461
2002,313210,.032813072
2003,313210,.081219673
2004,313210,.058883071
2005,313210,.0031974316
2006,313210,-.052893639
2007,313210,-.046476007
2008,313210,-.0030422211
2009,313210,.066180348
2010,313210,.014306903
2011,313210,-.0089273453
2012,313210,.022523761
2013,313210,-.016989708
2014,313210,.030916691
2015,313210,.033641934
2001,314110,-.015747905
2002,314110,.028755546
2003,314110,-.0025457144
2004,314110,.0048205853
2005,314110,-.017414927
2006,314110,.035334945
2007,314110,.012464046
2008,314110,-.02638495
2009,314110,-.0029635429
2010,314110,.043645263
2011,314110,-.025180101
2012,314110,-.0001938343
2013,314110,.0031825304
2014,314110,.0087881088
2015,314110,.054448605
2001,315220,.005374074
2002,315220,.028294206
2003,315220,-.0089709759
2004,315220,.062641978
2005,315220,.037883878
2006,315220,.03330338
2007,315220,-.0015832186
2008,315220,.031345963
2009,315220,.014132142
2010,315220,.060571432
2011,315220,-.050302982
2012,315220,-.0087852478
2013,315220,.042012453
2014,315220,-.020936728
2015,315220,.0080868006
2001,315240,-.016684413
2002,315240,.048762798
2003,315240,.015657425
2004,315240,-.033172011
2005,315240,.016257882
2006,315240,.038349271
2007,315240,.068266988
2008,315240,.032041311
2009,315240,.041786075
2010,315240,.061966419
2011,315240,.064838648
2012,315240,.00033843517
2013,315240,-.012417674
2014,315240,-.061308503
2015,315240,-.037678361
2001,315280,-.03471446
2002,315280,.048606277
2003,315280,.09536612
2004,315280,.045783639
2005,315280,.0052262545
2006,315280,.022255778
2007,315280,-.011507988
2008,315280,.021560192
2009,315280,-.043892741
2010,315280,.077033401
2011,315280,-.066909909
2012,315280,-.09454298
2013,315280,.027361155
2014,315280,-.047659874
2015,315280,-.05359447
2001,315990,-.018634915
2002,315990,-.011105895
2003,315990,-.0060138702
2004,315990,-.014140725
2005,315990,.01371944
2006,315990,-.0025272369
2007,315990,.048411489
2008,315990,-.03847158
2009,315990,.04661715
2010,315990,.017223477
2011,315990,-.066675663
2012,315990,-.0041408539
2013,315990,-.045270681
2014,315990,.075396895
2015,315990,.04020381
2001,316210,.0068464279
2002,316210,.029358149
2003,316210,.033857346
2004,316210,.028336406
2005,316210,-.0087981224
2006,316210,-.0014003515
2007,316210,.035609484
2008,316210,-.027525783
2009,316210,.040249467
2010,316210,-.0098791122
2011,316210,-.071213007
2012,316210,.012761593
2013,316210,.028508663
2014,316210,.024161935
2015,316210,.0025546551
2001,321211,-.0095041394
2002,321211,.053239405
2003,321211,-.013121545
2004,321211,.00046861172
2005,321211,-.0030286908
2006,321211,.0060087442
2007,321211,.0043440461
2008,321211,-.022350132
2009,321211,-.0028954148
2010,321211,.0024352074
2011,321211,.037973523
2012,321211,.016474307
2013,321211,.014058888
2014,321211,.017017126
2015,321211,.014551699
2001,321992,.013156891
2002,321992,-.029118359
2003,321992,-.021773756
2004,321992,.050906539
2005,321992,.014102221
2006,321992,.0047014952
2007,321992,-.02495575
2008,321992,-.011997044
2009,321992,-.019553542
2010,321992,-.01641494
2011,321992,.037160695
2012,321992,-.0025778413
2013,321992,.024571896
2014,321992,.0099945068
2015,321992,.069048285
2001,322121,.015622377
2002,322121,-.066370964
2003,322121,-.015821934
2004,322121,.013188243
2005,322121,.0092021227
2006,322121,-.0057469606
2007,322121,-.02998805
2008,322121,-.036720276
2009,322121,.023228168
2010,322121,.0062266588
2011,322121,.088050842
2012,322121,-.0095797777
2013,322121,-.021918774
2014,322121,.010871291
2015,322121,-.0055758953
2001,322130,-.033409595
2002,322130,-.013422847
2003,322130,-.026076317
2004,322130,.0053011179
2005,322130,-.017645359
2006,322130,.011695147
2007,322130,-.0016988516
2008,322130,-.029775739
2009,322130,.034754515
2010,322130,.002256155
2011,322130,.026997209
2012,322130,-.012256861
2013,322130,.0081608295
2014,322130,.030679941
2015,322130,-.01019001
2001,322211,-.021793008
2002,322211,-.019844294
2003,322211,-.023900628
2004,322211,-.013935447
2005,322211,-.01537776
2006,322211,.043403387
2007,322211,.034350157
2008,322211,-.0073400736
2009,322211,.065240622
2010,322211,-.017912269
2011,322211,-.029143214
2012,322211,.0011175871
2013,322211,.036512613
2014,322211,.0099592209
2015,322211,-.0024484396
2001,322212,-.036834121
2002,322212,.0028884411
2003,322212,.020323157
2004,322212,.0017033815
2005,322212,-.04938066
2006,322212,-.010475755
2007,322212,.026293397
2008,322212,-.029672265
2009,322212,.025710225
2010,322212,.015164137
2011,322212,.0042881966
2012,322212,.014285803
2013,322212,-.0032765865
2014,322212,.032765031
2015,322212,.010412931
2001,322219,-.01962626
2002,322219,-.011362672
2003,322219,-.025797486
2004,322219,-.0097249746
2005,322219,-.0031599998
2006,322219,-.00079929829
2007,322219,.0014753342
2008,322219,-.0074317455
2009,322219,.013650656
2010,322219,.0071268082
2011,322219,-.010671258
2012,322219,.0029438734
2013,322219,.0084187984
2014,322219,.00085198879
2015,322219,.0093176365
2001,322220,-.016045213
2002,322220,.0048210621
2003,322220,-.0018744469
2004,322220,.016622066
2005,322220,.0088623762
2006,322220,-.026454568
2007,322220,-.031065106
2008,322220,-.020893097
2009,322220,.011319876
2010,322220,.0021691322
2011,322220,-.016085148
2012,322220,.035732627
2013,322220,.01529634
2014,322220,.020158172
2015,322220,.04262042
2001,322230,-.052660823
2002,322230,.0048979521
2003,322230,.00037920475
2004,322230,.001932621
2005,322230,-.0056649446
2006,322230,-.005897522
2007,322230,.023006082
2008,322230,.0043236017
2009,322230,-.027279258
2010,322230,-.0027786493
2011,322230,-.0027500391
2012,322230,-.0027316809
2013,322230,-.028087497
2014,322230,-.0092329979
2015,322230,.0072062016
2001,323111,-.018810868
2002,323111,.00015103817
2003,323111,-.0083853006
2004,323111,.010182023
2005,323111,-.039590597
2006,323111,.002956152
2007,323111,.0021737814
2008,323111,.021240473
2009,323111,.0091010332
2010,323111,.028820634
2011,323111,-.0074973106
2012,323111,-.011780739
2013,323111,-.0072869062
2014,323111,-.029881835
2015,323111,.0099382401
2001,324110,-.036780477
2002,324110,-.038398743
2003,324110,.034109116
2004,324110,.0014357567
2005,324110,.061965227
2006,324110,-.015521169
2007,324110,-.00021779537
2008,324110,-.035474896
2009,324110,.011264086
2010,324110,-.011031985
2011,324110,-.013202548
2012,324110,-.02119422
2013,324110,-.013509989
2014,324110,.00058543682
2015,324110,-.017579913
2001,324122,-.013264418
2002,324122,.017635107
2003,324122,.0048987865
2004,324122,.01643908
2005,324122,.0028749704
2006,324122,-.010246396
2007,324122,.020934224
2008,324122,.011970878
2009,324122,-.042571187
2010,324122,.00086140633
2011,324122,.0034925938
2012,324122,.063552022
2013,324122,.01173377
2014,324122,-.0013560057
2015,324122,.061255574
2001,325120,-.014464498
2002,325120,.046906471
2003,325120,-.040014625
2004,325120,-.0015479326
2005,325120,-.035339475
2006,325120,-.094597936
2007,325120,.0217309
2008,325120,-.0090602636
2009,325120,.065586329
2010,325120,.0021958351
2011,325120,-.01436317
2012,325120,-.00048577785
2013,325120,.011006951
2014,325120,.0040838718
2015,325120,.044086099
2001,325199,-.018548846
2002,325199,.0093232393
2003,325199,.017121792
2004,325199,.044914007
2005,325199,-.023943186
2006,325199,-.017996788
2007,325199,.011948347
2008,325199,-.041772246
2009,325199,-.00027537346
2010,325199,.02169168
2011,325199,.010919571
2012,325199,-.0049192905
2013,325199,.052329779
2014,325199,.026305199
2015,325199,.01777482
2001,325211,-.058330655
2002,325211,.0047676563
2003,325211,-.014454603
2004,325211,.022270322
2005,325211,.033108473
2006,325211,-.022929788
2007,325211,-.026076674
2008,325211,-.033370614
2009,325211,.032431006
2010,325211,.029389858
2011,325211,-.011735797
2012,325211,.0046980381
2013,325211,.011082768
2014,325211,.0076628923
2015,325211,.053457499
2001,325212,-.032098413
2002,325212,.026560068
2003,325212,-.077451944
2004,325212,-.0049637556
2005,325212,.022454739
2006,325212,-.016764045
2007,325212,-.010269284
2008,325212,-.041107655
2009,325212,.022516131
2010,325212,.0097922087
2011,325212,.0056186914
2012,325212,.0252316
2013,325212,-.05356586
2014,325212,.0037053823
2015,325212,.011605024
2001,325320,.028790712
2002,325320,-.032869101
2003,325320,-.018128633
2004,325320,.00060594082
2005,325320,.025536656
2006,325320,-.012010813
2007,325320,.052385449
2008,325320,.0080074072
2009,325320,-.0083444118
2010,325320,.053183675
2011,325320,-.0037434101
2012,325320,.031388879
2013,325320,-.017054439
2014,325320,-.015377045
2015,325320,-.00017547607
2001,325520,-.032534003
2002,325520,-.012093663
2003,325520,-.011454701
2004,325520,.00019419193
2005,325520,-.0053111315
2006,325520,.029350996
2007,325520,.030632854
2008,325520,-.041677952
2009,325520,.031470418
2010,325520,.0034536123
2011,325520,-.0039219856
2012,325520,.001737237
2013,325520,.0035967827
2014,325520,-.0071541071
2015,325520,.0071128607
2001,325611,-.0034242868
2002,325611,.0018491745
2003,325611,.02018714
2004,325611,.050464392
2005,325611,-.0125072
2006,325611,.036264777
2007,325611,.070905089
2008,325611,-.033457994
2009,325611,.0041167736
2010,325611,.04763937
2011,325611,-.056831837
2012,325611,-.011879921
2013,325611,.0075087547
2014,325611,-.017591
2015,325611,.023236513
2001,325612,-.027093887
2002,325612,.023376465
2003,325612,.067676306
2004,325612,.0018849373
2005,325612,-.037742853
2006,325612,-.0011970997
2007,325612,.019426823
2008,325612,-.042923212
2009,325612,.022138715
2010,325612,.028724194
2011,325612,-.033257246
2012,325612,-.021925569
2013,325612,.014018059
2014,325612,.016817093
2015,325612,.04592514
2001,325613,-.012348652
2002,325613,.014473081
2003,325613,-.032449067
2004,325613,-.022133589
2005,325613,-.0084157586
2006,325613,-.0055363178
2007,325613,.00046384335
2008,325613,-.00022113323
2009,325613,.083300591
2010,325613,-.017432451
2011,325613,-.023310959
2012,325613,.028903782
2013,325613,-.012648523
2014,325613,-.016634703
2015,325613,.053549349
2001,325992,-.022585034
2002,325992,-.029098868
2003,325992,.0081318617
2004,325992,-.023049474
2005,325992,.04468143
2006,325992,.0074248314
2007,325992,.00067293644
2008,325992,-.066495776
2009,325992,.056153655
2010,325992,-.014196157
2011,325992,-.049335599
2012,325992,-.049924016
2013,325992,-.033811331
2014,325992,-.0088707209
2015,325992,.018998861
2001,325998,-.029376745
2002,325998,.072317362
2003,325998,-.023560405
2004,325998,-.019734383
2005,325998,-.031679153
2006,325998,.0085258484
2007,325998,.013660192
2008,325998,-.013877749
2009,325998,.013907194
2010,325998,.067373037
2011,325998,-.085180044
2012,325998,.065904021
2013,325998,.028843999
2014,325998,-.014366031
2015,325998,.082733989
2001,326112,.020262837
2002,326112,.0078164339
2003,326112,.012582779
2004,326112,-.010426521
2005,326112,.0079387426
2006,326112,-.042440057
2007,326112,-.002340436
2008,326112,.0042963028
2009,326112,.0065419674
2010,326112,.016983509
2011,326112,.0029317141
2012,326112,-.00096726418
2013,326112,.011205316
2014,326112,.0085189342
2015,326112,.013128161
2001,326113,-.0018888712
2002,326113,.018908381
2003,326113,-.025480747
2004,326113,-.015739679
2005,326113,-.027730823
2006,326113,-.0015079975
2007,326113,.030238986
2008,326113,-.040562391
2009,326113,.063208818
2010,326113,-.037111878
2011,326113,.014263034
2012,326113,.077535391
2013,326113,-.0014320612
2014,326113,.021070361
2015,326113,.033130288
2001,326140,-.017625928
2002,326140,.027607083
2003,326140,-.0043596029
2004,326140,-.089426756
2005,326140,-.034465492
2006,326140,.029986858
2007,326140,-.010101855
2008,326140,.041300893
2009,326140,.07371664
2010,326140,.041762471
2011,326140,-.028076053
2012,326140,-.040843606
2013,326140,.013909698
2014,326140,-.036287665
2015,326140,.01181829
2001,326211,-.016402483
2002,326211,.0019772053
2003,326211,-.012904048
2004,326211,.029521942
2005,326211,-.0017443895
2006,326211,-.054141998
2007,326211,.033381462
2008,326211,-.030032158
2009,326211,.0024601221
2010,326211,.015064478
2011,326211,-.0084661245
2012,326211,.019296169
2013,326211,.040434003
2014,326211,.030596733
2015,326211,.045788169
2001,326212,.011807203
2002,326212,-.0115242
2003,326212,.007368207
2004,326212,-.0028089285
2005,326212,-.0015304089
2006,326212,.0039987564
2007,326212,-.0085753202
2008,326212,.0082232952
2009,326212,.019002438
2010,326212,-.015346766
2011,326212,.0017734766
2012,326212,-.03986609
2013,326212,.019310117
2014,326212,.031709909
2015,326212,.041482568
2001,326299,.062641263
2002,326299,-.017535925
2003,326299,.02760613
2004,326299,.043018937
2005,326299,-.025976181
2006,326299,.035871863
2007,326299,.0017771721
2008,326299,.00436759
2009,326299,.022016883
2010,326299,.011289597
2011,326299,-.023793578
2012,326299,.05113399
2013,326299,.025055766
2014,326299,-.011542439
2015,326299,.01912272
2001,327212,-.065542817
2002,327212,-.03971374
2003,327212,-.027750015
2004,327212,-.013029575
2005,327212,-.049810946
2006,327212,.033249795
2007,327212,.022226334
2008,327212,-.03907305
2009,327212,.028672516
2010,327212,.037934542
2011,327212,-.0030223131
2012,327212,.041586399
2013,327212,.0035346746
2014,327212,-.015943885
2015,327212,.0070232153
2001,327213,.0024344921
2002,327213,-.023661852
2003,327213,-.032166958
2004,327213,-.007265687
2005,327213,.021836877
2006,327213,-.022669315
2007,327213,.030266285
2008,327213,.0026786327
2009,327213,-.011538386
2010,327213,-.0059951544
2011,327213,-.020820856
2012,327213,.0073859692
2013,327213,-.013276577
2014,327213,.0029244423
2015,327213,-.0069601536
2001,327310,.0032807589
2002,327310,-.0023243427
2003,327310,-.0040297508
2004,327310,.015013456
2005,327310,.0055562258
2006,327310,-.035365582
2007,327310,.0078061819
2008,327310,-.011674047
2009,327310,-.01112318
2010,327310,-.0043781996
2011,327310,-.028157353
2012,327310,.0035010576
2013,327310,-.013416648
2014,327310,.019974828
2015,327310,.055827498
2001,327390,.031779647
2002,327390,.012310505
2003,327390,-.050033689
2004,327390,.031073093
2005,327390,.06281662
2006,327390,-.050221443
2007,327390,.011662126
2008,327390,-.071389794
2009,327390,-.0076509714
2010,327390,.0041137934
2011,327390,.022990942
2012,327390,.016070604
2013,327390,-.0019056797
2014,327390,.020452023
2015,327390,.027130127
2001,327992,-.076615572
2002,327992,-.054556549
2003,327992,.018402159
2004,327992,.0273875
2005,327992,-.028311729
2006,327992,-.03692925
2007,327992,.037902653
2008,327992,-.02535677
2009,327992,.017191231
2010,327992,.021977425
2011,327992,-.0015792847
2012,327992,.036941051
2013,327992,.026567578
2014,327992,-.049735188
2015,327992,-.037253618
2001,327993,-.0083123446
2002,327993,-.029617071
2003,327993,-.0065482855
2004,327993,.019300818
2005,327993,.0069292784
2006,327993,.00020742416
2007,327993,.03991735
2008,327993,-.040391326
2009,327993,.028221965
2010,327993,.014183044
2011,327993,-.0052057505
2012,327993,-.021270752
2013,327993,.018445611
2014,327993,-.0053086281
2015,327993,.036850691
2001,331221,.01266849
2002,331221,-.005689621
2003,331221,.0087972879
2004,331221,.010764837
2005,331221,-.036263704
2006,331221,-.0015343428
2007,331221,.0066279173
2008,331221,.0048997402
2009,331221,.015611053
2010,331221,.0056420565
2011,331221,-.013618231
2012,331221,.014025211
2013,331221,.014787078
2014,331221,-.034540772
2015,331221,.043750644
2001,331315,-.040251493
2002,331315,.040053844
2003,331315,-.0079959631
2004,331315,.026255727
2005,331315,-.0072705746
2006,331315,-.050326467
2007,331315,.068483233
2008,331315,-.024464369
2009,331315,.060442924
2010,331315,-.025163889
2011,331315,-.0078572035
2012,331315,.01623261
2013,331315,-.015362501
2014,331315,.0088264942
2015,331315,-.016469836
2001,331420,.011795402
2002,331420,-.02823019
2003,331420,-.015132546
2004,331420,-.006696701
2005,331420,.0033421516
2006,331420,.0087218285
2007,331420,-.020190835
2008,331420,-.0071564913
2009,331420,.020078063
2010,331420,-.022222519
2011,331420,-.0073821545
2012,331420,.0029677153
2013,331420,.0073238611
2014,331420,-.0099824667
2015,331420,.0085617304
2001,332111,.0087957382
2002,332111,-.010315776
2003,332111,-.0078378916
2004,332111,-.013682127
2005,332111,.024931669
2006,332111,.027546406
2007,332111,-.035638094
2008,332111,-.0069843531
2009,332111,.0084841251
2010,332111,-.004139781
2011,332111,-.0037744045
2012,332111,-.017126083
2013,332111,.0096068382
2014,332111,-.0083221197
2015,332111,.008752346
2001,332216,.047654867
2002,332216,-.026422262
2003,332216,-.028736353
2004,332216,-.0041644573
2005,332216,-.033735633
2006,332216,.0019600391
2007,332216,.078198433
2008,332216,-.0049980879
2009,332216,.016605735
2010,332216,.020162821
2011,332216,.015381813
2012,332216,.0061240196
2013,332216,.028814793
2014,332216,.02729094
2015,332216,.03538537
2001,332312,-.010391474
2002,332312,.027712226
2003,332312,.026828885
2004,332312,.026143551
2005,332312,-.036484241
2006,332312,.00023698807
2007,332312,.010194302
2008,332312,-.0034501553
2009,332312,.0099682808
2010,332312,-.039954782
2011,332312,-.049085617
2012,332312,.049332142
2013,332312,.01039803
2014,332312,-.058520079
2015,332312,-.041935563
2001,332313,.032703042
2002,332313,.035274863
2003,332313,-.019525409
2004,332313,.0045646429
2005,332313,-.048606396
2006,332313,-.038248181
2007,332313,.059384227
2008,332313,-.023662567
2009,332313,.022852063
2010,332313,-.016394496
2011,332313,.00049817562
2012,332313,.024351835
2013,332313,-.003549099
2014,332313,-.000089168549
2015,332313,-.010872483
2001,332321,.057718515
2002,332321,.013305426
2003,332321,-.016874552
2004,332321,.0087767839
2005,332321,-.012809277
2006,332321,-.016829729
2007,332321,-.016543508
2008,332321,-.038284898
2009,332321,.0086762905
2010,332321,-.03036654
2011,332321,.011631131
2012,332321,.015489221
2013,332321,.0092899799
2014,332321,.021342039
2015,332321,.026848316
2001,332410,-.070942163
2002,332410,-.018941164
2003,332410,.0032212734
2004,332410,.08784914
2005,332410,-.062821031
2006,332410,.0014932156
2007,332410,-.00082147121
2008,332410,.079357624
2009,332410,.052860618
2010,332410,-.048323154
2011,332410,-.0020185709
2012,332410,-.016232729
2013,332410,-.026047587
2014,332410,-.0032560825
2015,332410,-.012624264
2001,332431,-.025078893
2002,332431,.018865585
2003,332431,-.0015041828
2004,332431,.012462378
2005,332431,-.0092674494
2006,332431,-.012316227
2007,332431,.013971567
2008,332431,.0072818995
2009,332431,.0097184181
2010,332431,.0073333979
2011,332431,-.0022301674
2012,332431,-.0035188198
2013,332431,.0051487684
2014,332431,.0042988062
2015,332431,.017787218
2001,332613,-.036411285
2002,332613,-.012972593
2003,332613,.06055522
2004,332613,-.034202695
2005,332613,.031320333
2006,332613,.011805773
2007,332613,.05797267
2008,332613,.001095891
2009,332613,-.0468539
2010,332613,.017655253
2011,332613,-.048133135
2012,332613,.0041196346
2013,332613,-.000022053719
2014,332613,.068240643
2015,332613,.014814496
2001,332912,-.011917949
2002,332912,-.072812915
2003,332912,.061310172
2004,332912,.021705389
2005,332912,.014152169
2006,332912,.0070095062
2007,332912,.013677955
2008,332912,.0047341585
2009,332912,-.01708889
2010,332912,.019412637
2011,332912,.016896844
2012,332912,-.0038752556
2013,332912,-.012869716
2014,332912,.023080826
2015,332912,.010361314
2001,332913,-.043042183
2002,332913,.028115034
2003,332913,-.018606901
2004,332913,-.00054478645
2005,332913,-.047629595
2006,332913,-.018373251
2007,332913,-.0030571222
2008,332913,-.042504787
2009,332913,.031006932
2010,332913,-.023773313
2011,332913,-.0025098324
2012,332913,.0076465607
2013,332913,.03769207
2014,332913,.0060501099
2015,332913,.057701707
2001,332919,-.030806184
2002,332919,.007448554
2003,332919,-.016244888
2004,332919,.0435853
2005,332919,-.018273473
2006,332919,-.0034903288
2007,332919,-.026509523
2008,332919,.0014978647
2009,332919,.065863132
2010,332919,.017516255
2011,332919,-.0058323145
2012,332919,-.013668418
2013,332919,-.0026028156
2014,332919,-.0033166409
2015,332919,.058553219
2001,332991,-.023707628
2002,332991,-.0042691231
2003,332991,-.027599692
2004,332991,.018221498
2005,332991,.0030889511
2006,332991,.010266662
2007,332991,.011201143
2008,332991,-.0038797855
2009,332991,-.036358953
2010,332991,.099299669
2011,332991,.0055291653
2012,332991,-.013157487
2013,332991,-.018877625
2014,332991,.020719528
2015,332991,-.019723773
2001,332993,.011142492
2002,332993,.011135101
2003,332993,-.016450763
2004,332993,-.023180485
2005,332993,-.0053941011
2006,332993,.00083887577
2007,332993,.013954043
2008,332993,.017465234
2009,332993,.0065586567
2010,332993,-.010718107
2011,332993,.0097484589
2012,332993,.0071338415
2013,332993,.038825274
2014,332993,-.03079772
2015,332993,-.022625327
2001,333111,-.019426107
2002,333111,-.014966726
2003,333111,-.0047259331
2004,333111,.018216491
2005,333111,-.0016483068
2006,333111,.031646729
2007,333111,.010335326
2008,333111,-.015792847
2009,333111,-.010545969
2010,333111,.033984303
2011,333111,-.01353395
2012,333111,-.026906133
2013,333111,.024978161
2014,333111,-.013746619
2015,333111,-.0034023523
2001,333120,-.0096861124
2002,333120,.0024803877
2003,333120,-.013760328
2004,333120,-.020031214
2005,333120,.0090330839
2006,333120,.033913136
2007,333120,-.0033925772
2008,333120,-.064706683
2009,333120,.037496448
2010,333120,.038361907
2011,333120,.0002695322
2012,333120,.012329817
2013,333120,-.0031379461
2014,333120,.026670933
2015,333120,.019030809
2001,333131,-.067103148
2002,333131,.059399486
2003,333131,.030653358
2004,333131,.031537652
2005,333131,.042157292
2006,333131,.037788749
2007,333131,.010319591
2008,333131,-.015145183
2009,333131,.028270841
2010,333131,.0060095787
2011,333131,.072775602
2012,333131,.0088171959
2013,333131,-.03491962
2014,333131,-.039804339
2015,333131,-.046730042
2001,333132,.031058669
2002,333132,-.011987686
2003,333132,-.016492367
2004,333132,.023462892
2005,333132,-.012395859
2006,333132,.059847116
2007,333132,.011125565
2008,333132,.0031280518
2009,333132,.0027890205
2010,333132,.017178297
2011,333132,-.022833586
2012,333132,-.025122762
2013,333132,-.007271409
2014,333132,.034775257
2015,333132,-.025362492
2001,333413,-.028481841
2002,333413,.0002938509
2003,333413,.014122128
2004,333413,.0069639683
2005,333413,-.0063263178
2006,333413,-.0035287142
2007,333413,-.0023456812
2008,333413,.042064667
2009,333413,.0016312599
2010,333413,.035868287
2011,333413,.016083479
2012,333413,.0027396679
2013,333413,-.015817285
2014,333413,.019516349
2015,333413,-.0083618164
2001,333415,-.036229849
2002,333415,-.0059543848
2003,333415,-.0038759708
2004,333415,-.0040416718
2005,333415,.00045239925
2006,333415,.0036072731
2007,333415,.012597442
2008,333415,-.0022993088
2009,333415,.007289052
2010,333415,.014299512
2011,333415,-.010424852
2012,333415,.0056266785
2013,333415,.012928009
2014,333415,-.007683754
2015,333415,.016022921
2001,333514,-.038006425
2002,333514,.021314144
2003,333514,-.04139328
2004,333514,-.04215014
2005,333514,-.059217453
2006,333514,-.047988653
2007,333514,.00043118
2008,333514,-.049883366
2009,333514,-.030726075
2010,333514,.099521875
2011,333514,.010335565
2012,333514,.043690562
2013,333514,.0045782328
2014,333514,-.07477057
2015,333514,-.0018699169
2001,333517,-.096573591
2002,333517,-.031738281
2003,333517,.0005273819
2004,333517,-.0071521997
2005,333517,.014212132
2006,333517,.033649564
2007,333517,-.015866637
2008,333517,-.0188241
2009,333517,-.08901751
2010,333517,.087513328
2011,333517,.063172698
2012,333517,-.00908041
2013,333517,-.0722574
2014,333517,-.0026882887
2015,333517,-.024878263
2001,333618,-.035055161
2002,333618,-.0058230162
2003,333618,-.010634303
2004,333618,.035776019
2005,333618,-.0004901886
2006,333618,-.0035279989
2007,333618,-.036571741
2008,333618,.0023521185
2009,333618,-.0042604208
2010,333618,.059400558
2011,333618,.017433524
2012,333618,.011418104
2013,333618,-.0052955151
2014,333618,.0021944046
2015,333618,.013415933
2001,333914,-.021398306
2002,333914,-.011869669
2003,333914,.014065623
2004,333914,.03943634
2005,333914,.012630343
2006,333914,.019699335
2007,333914,.010604978
2008,333914,-.067109466
2009,333914,.013796687
2010,333914,.015348911
2011,333914,.078964114
2012,333914,.011618018
2013,333914,-.0022197962
2014,333914,.016303658
2015,333914,-.00059783459
2001,333923,-.0054228306
2002,333923,-.026572585
2003,333923,-.011806846
2004,333923,-.013184309
2005,333923,.011923909
2006,333923,.046689034
2007,333923,.023485661
2008,333923,-.0095591545
2009,333923,-.071237803
2010,333923,.050052166
2011,333923,.000042557716
2012,333923,.039218068
2013,333923,.021625042
2014,333923,-.0059328079
2015,333923,-.0076729059
2001,333991,-.033839941
2002,333991,-.022191644
2003,333991,.038678288
2004,333991,.023750067
2005,333991,-.018524647
2006,333991,.0035226345
2007,333991,.015397668
2008,333991,-.025931954
2009,333991,.018808842
2010,333991,.018304706
2011,333991,-.0078175068
2012,333991,-.020771146
2013,333991,-.015627146
2014,333991,.015257835
2015,333991,-.0049974918
2001,333992,-.048007488
2002,333992,.0043270588
2003,333992,-.074907064
2004,333992,-.008800745
2005,333992,-.015164495
2006,333992,.02810657
2007,333992,.011972904
2008,333992,.012556314
2009,333992,-.023414493
2010,333992,.0085955858
2011,333992,-.013670325
2012,333992,.02380991
2013,333992,.044480562
2014,333992,.021244049
2015,333992,-.0019648075
2001,334412,-.023940206
2002,334412,-.024585366
2003,334412,.0099582672
2004,334412,.006618619
2005,334412,-.0058875084
2006,334412,-.00086271763
2007,334412,.0046885014
2008,334412,.0089492798
2009,334412,-.0049394369
2010,334412,.023137093
2011,334412,-.0044436455
2012,334412,-.015749812
2013,334412,-.0026228428
2014,334412,.0029989481
2015,334412,.01118803
2001,334418,.017929792
2002,334418,.04737258
2003,334418,.081152439
2004,334418,.016995788
2005,334418,.0025918484
2006,334418,.036621451
2007,334418,-.086701512
2008,334418,-.014940262
2009,334418,-.047733784
2010,334418,.034528613
2011,334418,-.026607752
2012,334418,-.072414875
2013,334418,.03742516
2014,334418,.045549273
2015,334418,.045574784
2001,334511,-.078559041
2002,334511,-.0045313835
2003,334511,-.040299654
2004,334511,.015546203
2005,334511,.016147614
2006,334511,.034251213
2007,334511,.029069781
2008,334511,-.0032132864
2009,334511,-.0091583729
2010,334511,.017233849
2011,334511,.036525965
2012,334511,.013276696
2013,334511,.0022594929
2014,334511,.036984801
2015,334511,.00066947937
2001,334513,-.036425114
2002,334513,-.033479452
2003,334513,.014727592
2004,334513,.018315792
2005,334513,.0089071989
2006,334513,.0011030436
2007,334513,.0020712614
2008,334513,.0094015598
2009,334513,.0069075823
2010,334513,.092299938
2011,334513,-.026859403
2012,334513,.017583609
2013,334513,.030837655
2014,334513,.038383603
2015,334513,.006675601
2001,334516,-.064800739
2002,334516,.038424492
2003,334516,-.059374809
2004,334516,.026595592
2005,334516,.06709826
2006,334516,.026825786
2007,334516,-.0074162483
2008,334516,.040986538
2009,334516,.020972967
2010,334516,.038297176
2011,334516,.039179802
2012,334516,.04077363
2013,334516,.012839079
2014,334516,.08323431
2015,334516,-.043144226
2001,334519,-.099505305
2002,334519,.02194643
2003,334519,.050310373
2004,334519,.040755153
2005,334519,.015846848
2006,334519,-.034788966
2007,334519,.036703587
2008,334519,.02149725
2009,334519,-.053363204
2010,334519,.099743605
2011,334519,.031079173
2012,334519,-.00092673302
2013,334519,.0048730373
2014,334519,.024582624
2015,334519,-.040780783
2001,335122,.00087070465
2002,335122,-.04220438
2003,335122,.020303607
2004,335122,-.005079031
2005,335122,-.04914391
2006,335122,.037355542
2007,335122,.017401934
2008,335122,-.055302382
2009,335122,-.02266109
2010,335122,.03226912
2011,335122,-.0088711977
2012,335122,.0150069
2013,335122,-.021807909
2014,335122,-.0039566755
2015,335122,.038375378
2001,335220,-.019256115
2002,335220,.04643631
2003,335220,-.013894439
2004,335220,-.023819804
2005,335220,.04191494
2006,335220,.0089331865
2007,335220,.014913678
2008,335220,-.010995984
2009,335220,.067958117
2010,335220,.075341225
2011,335220,-.0067635775
2012,335220,.09281075
2013,335220,.055965781
2014,335220,.0094807148
2015,335220,.088335395
2001,335312,.024650097
2002,335312,-.0076739788
2003,335312,.0035815239
2004,335312,.011280894
2005,335312,-.0034677982
2006,335312,.00014042854
2007,335312,.01453054
2008,335312,.0017938614
2009,335312,.055166245
2010,335312,-.01617372
2011,335312,-.024155259
2012,335312,-.020192623
2013,335312,.046467304
2014,335312,-.007409811
2015,335312,.0043398142
2001,335313,-.074121118
2002,335313,.06978035
2003,335313,.0019019842
2004,335313,-.015675187
2005,335313,.020357609
2006,335313,.047574043
2007,335313,.046776056
2008,335313,.0093564987
2009,335313,-.0366925
2010,335313,.031952024
2011,335313,.0011718273
2012,335313,-.016256094
2013,335313,.0096541643
2014,335313,-.0084427595
2015,335313,.01689899
2001,335314,-.029443979
2002,335314,.023836255
2003,335314,.0012751818
2004,335314,.02080965
2005,335314,.012682676
2006,335314,-.0030590296
2007,335314,.029022694
2008,335314,-.016664386
2009,335314,-.035616755
2010,335314,.061717629
2011,335314,-.0051856041
2012,335314,.0066372156
2013,335314,.014047027
2014,335314,.010622025
2015,335314,.023829699
2001,335911,-.038776636
2002,335911,.0045566559
2003,335911,-.0091267824
2004,335911,-.060484529
2005,335911,-.019781709
2006,335911,.0084824562
2007,335911,-.027965665
2008,335911,.02873075
2009,335911,.026624441
2010,335911,.0035991669
2011,335911,-.037129641
2012,335911,.0001553297
2013,335911,.0050271749
2014,335911,.090914845
2015,335911,.021050692
2001,335921,-.0097068548
2002,335921,-.064530253
2003,335921,.0012248755
2004,335921,.045744538
2005,335921,.034710407
2006,335921,.0091013908
2007,335921,.050380468
2008,335921,-.034550309
2009,335921,.036873341
2010,335921,.061041355
2011,335921,.0068315268
2012,335921,.034290671
2013,335921,-.077090502
2014,335921,-.0061802864
2015,335921,-.09120357
2001,335931,.047992945
2002,335931,.030878901
2003,335931,.0086094141
2004,335931,.020019174
2005,335931,.0069149733
2006,335931,-.0086433887
2007,335931,.028752327
2008,335931,.0092405081
2009,335931,.0059484243
2010,335931,.031681538
2011,335931,-.0063997507
2012,335931,.030857801
2013,335931,.0098133087
2014,335931,-.0073837042
2015,335931,-.001081109
2001,336111,.016811728
2002,336111,.024113178
2003,336111,-.0053651333
2004,336111,-.019997835
2005,336111,-.021246791
2006,336111,-.0049190521
2007,336111,.012843132
2008,336111,-.0582515
2009,336111,-.023521662
2010,336111,.034998655
2011,336111,-.015222549
2012,336111,.0099000931
2013,336111,.021080732
2014,336111,.00068855286
2015,336111,.012355089
2001,336120,-.034694552
2002,336120,.018725276
2003,336120,-.012419105
2004,336120,.036360264
2005,336120,-.0076284409
2006,336120,.020821929
2007,336120,-.0024440289
2008,336120,-.014855742
2009,336120,-.048695922
2010,336120,.080722094
2011,336120,-.015320539
2012,336120,-.037587404
2013,336120,.01193285
2014,336120,-.0029414892
2015,336120,.019703746
2001,336211,-.0413481
2002,336211,.016602516
2003,336211,.015384793
2004,336211,-.032477736
2005,336211,.020645261
2006,336211,.0016578436
2007,336211,.0089490414
2008,336211,-.01897943
2009,336211,-.012114882
2010,336211,.016753316
2011,336211,.0012398958
2012,336211,-.015788674
2013,336211,.017340541
2014,336211,-.0064946413
2015,336211,.0020382404
2001,336212,-.096907973
2002,336212,.057243705
2003,336212,.02485323
2004,336212,.035634875
2005,336212,-.015522122
2006,336212,-.036221147
2007,336212,.0035518408
2008,336212,-.057718515
2009,336212,-.068766773
2010,336212,.086044252
2011,336212,.0066672564
2012,336212,.059954405
2013,336212,.025466681
2014,336212,-.010377169
2015,336212,.037498593
2001,336214,-.018167019
2002,336214,.015879512
2003,336214,.0089246035
2004,336214,.005030632
2005,336214,-.0053793192
2006,336214,.0061199665
2007,336214,-.016583085
2008,336214,-.012479663
2009,336214,-.046935678
2010,336214,.054974556
2011,336214,-.0086722374
2012,336214,-.0059316158
2013,336214,.020190358
2014,336214,.0034142733
2015,336214,.0078241825
2001,336310,-.045435309
2002,336310,.025093436
2003,336310,.0030071735
2004,336310,-.0081663132
2005,336310,-.019500017
2006,336310,.0090488195
2007,336310,-.0029628277
2008,336310,-.016110539
2009,336310,-.0080163479
2010,336310,.026501656
2011,336310,-.010128736
2012,336310,-.0058794022
2013,336310,.0092613697
2014,336310,.0019669533
2015,336310,.00067806244
2001,336320,-.040361762
2002,336320,.0097626448
2003,336320,-.022179842
2004,336320,-.0012072325
2005,336320,-.030828476
2006,336320,-.013740301
2007,336320,.016174078
2008,336320,.022791505
2009,336320,.016718149
2010,336320,.070308447
2011,336320,.017198324
2012,336320,.00728333
2013,336320,.0087746382
2014,336320,.016592026
2015,336320,.035224438
2001,336330,-.031402707
2002,336330,-.05084765
2003,336330,-.010388255
2004,336330,-.02126956
2005,336330,-.01642549
2006,336330,-.0033636093
2007,336330,.0075269938
2008,336330,.018785834
2009,336330,-.021388769
2010,336330,.049382448
2011,336330,-.022735834
2012,336330,.0048004389
2013,336330,.0023578405
2014,336330,.022796035
2015,336330,.0036312342
2001,336370,-.04962182
2002,336370,.00016260147
2003,336370,-.0061944723
2004,336370,-.019787312
2005,336370,-.0077602863
2006,336370,.0084438324
2007,336370,.0086801052
2008,336370,.0014637709
2009,336370,-.083409071
2010,336370,.056445599
2011,336370,-.016022086
2012,336370,.0019139051
2013,336370,.018712044
2014,336370,-.012000561
2015,336370,-.011617303
2001,336390,-.026137948
2002,336390,.019014955
2003,336390,-.00082480907
2004,336390,-.032737255
2005,336390,-.019199252
2006,336390,-.0099838972
2007,336390,.0049401522
2008,336390,-.012214541
2009,336390,.002712965
2010,336390,.037147999
2011,336390,-.017187238
2012,336390,.0023866892
2013,336390,.0080080032
2014,336390,.011162639
2015,336390,.012025237
2001,336411,.018393278
2002,336411,-.0083273649
2003,336411,-.047845721
2004,336411,.016706109
2005,336411,.017527223
2006,336411,.013144612
2007,336411,.011763692
2008,336411,-.010784984
2009,336411,-.016531944
2010,336411,.02107203
2011,336411,-.0022205114
2012,336411,-.021321058
2013,336411,-.0050309896
2014,336411,-.001047492
2015,336411,-.011132956
2001,336412,.0048753023
2002,336412,.004411459
2003,336412,-.015377879
2004,336412,.0041308403
2005,336412,-.0032169819
2006,336412,-.0067241192
2007,336412,.0042994022
2008,336412,.0077211857
2009,336412,-.0044426918
2010,336412,.020305276
2011,336412,-.0065962076
2012,336412,.001175046
2013,336412,.01499486
2014,336412,.010648131
2015,336412,.023967862
2001,336413,-.054416299
2002,336413,.011055827
2003,336413,-.023901582
2004,336413,-.017404199
2005,336413,.022738338
2006,336413,.0083271265
2007,336413,.016480446
2008,336413,.016188622
2009,336413,.013366103
2010,336413,-.0088295937
2011,336413,-.0080429316
2012,336413,.012348413
2013,336413,.032247066
2014,336413,.021328807
2015,336413,-.0043329
2001,336510,-.0057039261
2002,336510,-.076114774
2003,336510,.08717525
2004,336510,-.048526525
2005,336510,-.0043041706
2006,336510,.045039058
2007,336510,-.0037711859
2008,336510,.0032769442
2009,336510,.023626566
2010,336510,.073412061
2011,336510,-.053656578
2012,336510,-.0006057024
2013,336510,.018776298
2014,336510,-.0018395185
2015,336510,.0042486191
2001,336999,-.047606468
2002,336999,-.0026665926
2003,336999,.0029531717
2004,336999,.0062507391
2005,336999,-.012101054
2006,336999,.011670709
2007,336999,.0040280819
2008,336999,-.0052179098
2009,336999,.049670577
2010,336999,.02925539
2011,336999,.0056091547
2012,336999,.011608481
2013,336999,.019779444
2014,336999,.00022399426
2015,336999,-.011450529
2001,337214,-.024029136
2002,337214,-.0098919868
2003,337214,-.020142674
2004,337214,-.019120336
2005,337214,.010642767
2006,337214,-.018775582
2007,337214,.020735264
2008,337214,-.027885199
2009,337214,.017832994
2010,337214,-.0069509745
2011,337214,-.021989346
2012,337214,.0020555258
2013,337214,.0098164082
2014,337214,.019143462
2015,337214,.035470724
2001,339930,.01106596
2002,339930,.038628101
2003,339930,-.023030043
2004,339930,-.046899438
2005,339930,-.015149236
2006,339930,-.060753226
2007,339930,-.011282802
2008,339930,-.0085129738
2009,339930,.010580659
2010,339930,-.062129259
2011,339930,-.089422345
2012,339930,.074139833
2013,339930,.08486867
2014,339930,.040260077
2015,339930,.068583608
2001,423120,-.0043882132
2002,423120,-.00071799755
2003,423120,.0045880079
2004,423120,.00055551529
2005,423120,.007647872
2006,423120,-.010329723
2007,423120,-.050520658
2008,423120,.001521945
2009,423120,.0033075809
2010,423120,-.015174866
2011,423120,-.00016951561
2012,423120,-.035710573
2013,423120,.018356442
2014,423120,.035706162
2015,423120,-.00085520744
2001,423310,.0016694069
2002,423310,-.035526872
2003,423310,.0079364777
2004,423310,-.0061019659
2005,423310,-.0032826662
2006,423310,.0086240768
2007,423310,.0067228079
2008,423310,-.0023748875
2009,423310,-.00013387203
2010,423310,-.010055304
2011,423310,-.0025070906
2012,423310,.03461647
2013,423310,.00093591213
2014,423310,.020750284
2015,423310,-.013088465
2001,423330,.0098712444
2002,423330,.0064684153
2003,423330,.0057644844
2004,423330,-.0094833374
2005,423330,-.014356494
2006,423330,.014033794
2007,423330,-.031682968
2008,423330,.012906551
2009,423330,.002010107
2010,423330,-.020922899
2011,423330,.017551303
2012,423330,.021557093
2013,423330,-.0088080168
2014,423330,-.017618656
2015,423330,.017868996
2001,423430,.0046516657
2002,423430,.0013731718
2003,423430,.0040146112
2004,423430,-.0052521229
2005,423430,-.00011372566
2006,423430,.0018957853
2007,423430,-.0093719959
2008,423430,.011661172
2009,423430,-.00038218498
2010,423430,.00011217594
2011,423430,.001021862
2012,423430,.0014513731
2013,423430,.0057783127
2014,423430,-.004168272
2015,423430,.0061098337
2001,423450,.0045272112
2002,423450,.014437556
2003,423450,.0046774149
2004,423450,.0088708401
2005,423450,.0086137056
2006,423450,.0021778345
2007,423450,-.016032338
2008,423450,-.0018471479
2009,423450,.014724612
2010,423450,.0022866726
2011,423450,-.0014725924
2012,423450,-.012112975
2013,423450,-.000085234642
2014,423450,-.0014965534
2015,423450,-.01006043
2001,423510,.017943382
2002,423510,-.024488568
2003,423510,-.015356541
2004,423510,.010617256
2005,423510,-.039709687
2006,423510,-.0094923973
2007,423510,.0026673079
2008,423510,-.020535946
2009,423510,-.029178977
2010,423510,.0028277636
2011,423510,-.0093327761
2012,423510,.0059634447
2013,423510,.010901093
2014,423510,-.0072666407
2015,423510,.034166813
2001,423610,-.0020620823
2002,423610,.0026549101
2003,423610,.0087153912
2004,423610,.0048449039
2005,423610,.00035762787
2006,423610,.014735699
2007,423610,.0077990294
2008,423610,-.0070168972
2009,423610,-.0048993826
2010,423610,-.0024180412
2011,423610,.0050456524
2012,423610,.0026581287
2013,423610,.0021829605
2014,423610,.0005736351
2015,423610,-.0039521456
2001,423690,-.0059756041
2002,423690,.013617873
2003,423690,-.0043501854
2004,423690,-.02104485
2005,423690,-.0051336288
2006,423690,.000089764595
2007,423690,-.0043540001
2008,423690,-.0023317337
2009,423690,-.0053952932
2010,423690,.020045877
2011,423690,-.005425334
2012,423690,-.00494802
2013,423690,-.00154984
2014,423690,.0013617277
2015,423690,-.0043332577
2001,423710,.076408148
2002,423710,.02059412
2003,423710,.013329983
2004,423710,-.0093222857
2005,423710,-.0030206442
2006,423710,-.013514876
2007,423710,.0067174435
2008,423710,-.018851757
2009,423710,.000033140182
2010,423710,.004483819
2011,423710,-.034345746
2012,423710,.041483045
2013,423710,.0064473152
2014,423710,-.0069569349
2015,423710,-.011918902
2001,423730,.0069485903
2002,423730,-.00033712387
2003,423730,.0084867477
2004,423730,.01598525
2005,423730,-.0085844994
2006,423730,.0068562031
2007,423730,-.0044659376
2008,423730,.0074980259
2009,423730,-.02660358
2010,423730,-.001319766
2011,423730,.012970805
2012,423730,-.0042169094
2013,423730,.0056601763
2014,423730,.0042107105
2015,423730,.0045332909
2001,423810,.084789276
2002,423810,.028114438
2003,423810,-.0091172457
2004,423810,.0011470318
2005,423810,-.033653378
2006,423810,-.028538346
2007,423810,-.010562539
2008,423810,.0014013052
2009,423810,-.0049535036
2010,423810,-.010982752
2011,423810,.0051169395
2012,423810,.019942284
2013,423810,.011880875
2014,423810,-.015341759
2015,423810,.0030908585
2001,423820,.017839432
2002,423820,-.00050127506
2003,423820,-.0047403574
2004,423820,.010666966
2005,423820,-.01429534
2006,423820,-.00034952164
2007,423820,.0017341375
2008,423820,.020557404
2009,423820,.0089200735
2010,423820,-.04204905
2011,423820,.0021324158
2012,423820,-.0056027174
2013,423820,-.0052386522
2014,423820,.035918474
2015,423820,.037209511
2001,423840,.0037565231
2002,423840,.0013240576
2003,423840,.030668974
2004,423840,-.0071175098
2005,423840,.02072823
2006,423840,.020553827
2007,423840,.0042489767
2008,423840,-.0019752979
2009,423840,.0012261868
2010,423840,.0065551996
2011,423840,.0092874765
2012,423840,.0053441525
2013,423840,.0068644285
2014,423840,.0052833557
2015,423840,.0036424398
2001,423860,.0031342506
2002,423860,-.014175296
2003,423860,-.015738964
2004,423860,-.0014772415
2005,423860,.023394704
2006,423860,-.00037276745
2007,423860,.021024823
2008,423860,.0031216145
2009,423860,.084845304
2010,423860,-.0087085962
2011,423860,-.012189269
2012,423860,.042641997
2013,423860,.022006631
2014,423860,-.033111453
2015,423860,-.032916069
2001,423910,.020454884
2002,423910,.027041078
2003,423910,.019073248
2004,423910,.060769081
2005,423910,-.0085351467
2006,423910,.011097312
2007,423910,-.012423277
2008,423910,-.043078303
2009,423910,-.023601055
2010,423910,.094004035
2011,423910,.0082694292
2012,423910,-.0096012354
2013,423910,-.0094951391
2014,423910,.0046315193
2015,423910,.00025486946
2001,424120,-.0063494444
2002,424120,.01581049
2003,424120,.03232801
2004,424120,.0032670498
2005,424120,.030408978
2006,424120,.020444751
2007,424120,.0022592545
2008,424120,-.015797377
2009,424120,-.011009097
2010,424120,.0085936785
2011,424120,-.0035022497
2012,424120,-.0036412477
2013,424120,-.000032901764
2014,424120,-.0026301146
2015,424120,.0049389601
2001,424210,-.012577415
2002,424210,.010573745
2003,424210,-.000042200089
2004,424210,.024850965
2005,424210,-.010087729
2006,424210,-.028723598
2007,424210,-.0018148422
2008,424210,.0036057234
2009,424210,-.0026458502
2010,424210,.0097696781
2011,424210,.0044010878
2012,424210,.024654388
2013,424210,.0076246262
2014,424210,-.020327091
2015,424210,.0128268
2001,424340,.022788286
2002,424340,.080396891
2003,424340,.05913651
2004,424340,.04189086
2005,424340,-.01527524
2006,424340,.044764757
2007,424340,-.0013548136
2008,424340,-.040072441
2009,424340,.022801995
2010,424340,.04314661
2011,424340,-.0017238855
2012,424340,.0004080534
2013,424340,.0028053522
2014,424340,-.020066738
2015,424340,-.011709571
2001,424490,.020968556
2002,424490,.00078737736
2003,424490,-.010599732
2004,424490,.0097254515
2005,424490,-.0019519329
2006,424490,.01446414
2007,424490,-.019457817
2008,424490,-.014667273
2009,424490,.014714003
2010,424490,.0018481016
2011,424490,-.028975129
2012,424490,-.010195851
2013,424490,-.020065546
2014,424490,-.0049277544
2015,424490,-.010999441
2001,424510,.048448563
2002,424510,-.013605475
2003,424510,-.0041601658
2004,424510,.016539812
2005,424510,.014721155
2006,424510,-.0094047785
2007,424510,.0087161064
2008,424510,-.01425159
2009,424510,-.01108706
2010,424510,.02175045
2011,424510,-.017408848
2012,424510,-.010813951
2013,424510,-.042538345
2014,424510,.026677787
2015,424510,.0069416761
2001,424590,.014783978
2002,424590,.023107052
2003,424590,-.00085735321
2004,424590,.0098786354
2005,424590,-.03434515
2006,424590,.083519697
2007,424590,-.038274884
2008,424590,.0011556149
2009,424590,.022368789
2010,424590,-.029084563
2011,424590,-.0071355104
2012,424590,-.0066410303
2013,424590,-.028173208
2014,424590,.014150381
2015,424590,.018159866
2001,424940,-.0062843561
2002,424940,.010023594
2003,424940,-.03837955
2004,424940,.018568277
2005,424940,-.055999637
2006,424940,.014610648
2007,424940,-.0074890852
2008,424940,.013528466
2009,424940,.0056039095
2010,424940,-.023487926
2011,424940,-.0011054277
2012,424940,-.0051668882
2013,424940,-.0061306953
2014,424940,.0010162592
2015,424940,.00095582008
2001,441110,-.0090528727
2002,441110,.0018786788
2003,441110,-.0009649992
2004,441110,.00077581406
2005,441110,.0020163059
2006,441110,.00057935715
2007,441110,.000072181225
2008,441110,.0092794299
2009,441110,.01367712
2010,441110,-.010362566
2011,441110,-.0054697394
2012,441110,-.0083041787
2013,441110,-.0019512773
2014,441110,-.0029444098
2015,441110,-.002887249
2001,441120,-.094262898
2002,441120,-.023385644
2003,441120,.0019161105
2004,441120,-.0053566098
2005,441120,-.0014979839
2006,441120,-.00047427416
2007,441120,-.003450036
2008,441120,.0084220171
2009,441120,.028626204
2010,441120,-.010962129
2011,441120,-.0048525333
2012,441120,.023739934
2013,441120,-.035459101
2014,441120,-.0011377335
2015,441120,-.0014318228
2001,441222,.017447114
2002,441222,.0030636787
2003,441222,.018479824
2004,441222,.015184641
2005,441222,-.035339832
2006,441222,-.0080006123
2007,441222,-.016892433
2008,441222,-.0051288605
2009,441222,-.035941958
2010,441222,.073175907
2011,441222,.0033887625
2012,441222,.0083303452
2013,441222,-.0048955679
2014,441222,.0006737709
2015,441222,-.012577653
2001,441310,.042946696
2002,441310,.03591156
2003,441310,.018388629
2004,441310,.034281135
2005,441310,.010946989
2006,441310,.018994451
2007,441310,.014382839
2008,441310,.013949394
2009,441310,.031795502
2010,441310,.020998955
2011,441310,.0054334402
2012,441310,.0207057
2013,441310,.015052438
2014,441310,-.045877218
2015,441310,.059203625
2001,442110,-.024360061
2002,442110,.039572716
2003,442110,.0072388649
2004,442110,.0079594851
2005,442110,-.079359293
2006,442110,.024962544
2007,442110,-.010809898
2008,442110,.023198843
2009,442110,-.0072871447
2010,442110,.000048518181
2011,442110,.038401246
2012,442110,-.014250994
2013,442110,.001568675
2014,442110,-.012014985
2015,442110,-.015656352
2001,442299,.018141389
2002,442299,.0042653084
2003,442299,-.011011243
2004,442299,-.0097403526
2005,442299,-.013696909
2006,442299,-.052532792
2007,442299,-.020704508
2008,442299,-.032144547
2009,442299,.040347219
2010,442299,.028734922
2011,442299,.03806901
2012,442299,-.0069429874
2013,442299,-.015361547
2014,442299,-.022809148
2015,442299,-.021315455
2001,443142,.0036689043
2002,443142,.024071932
2003,443142,-.000042676926
2004,443142,-.020979524
2005,443142,-.0065180063
2006,443142,-.022043586
2007,443142,-.017249942
2008,443142,-.0028288364
2009,443142,.00013506413
2010,443142,.0084341764
2011,443142,-.0097386837
2012,443142,-.0069788694
2013,443142,-.021299005
2014,443142,-.00078225136
2015,443142,.011484146
2001,444110,.023850083
2002,444110,.018931508
2003,444110,.020688534
2004,444110,.0045011044
2005,444110,-.0046396255
2006,444110,-.006934762
2007,444110,.012601733
2008,444110,-.00056493282
2009,444110,.013277411
2010,444110,.0069898367
2011,444110,-.0040109158
2012,444110,-.0021457672
2013,444110,.00072491169
2014,444110,-.00058865547
2015,444110,-.0082514286
2001,445110,.0075128078
2002,445110,.0052653551
2003,445110,-.031800747
2004,445110,.011416912
2005,445110,.0054342747
2006,445110,-.01448071
2007,445110,.016922355
2008,445110,-.0019809008
2009,445110,-.0068045855
2010,445110,-.0033239126
2011,445110,-.013800144
2012,445110,-.0055069923
2013,445110,.001691103
2014,445110,.0034098625
2015,445110,.010808349
2001,446110,.0089505911
2002,446110,-.032516956
2003,446110,.036736965
2004,446110,.0042060614
2005,446110,-.019313216
2006,446110,.00172925
2007,446110,-.019477248
2008,446110,.013052583
2009,446110,-.0079932213
2010,446110,.0055546761
2011,446110,-.0030038357
2012,446110,-.0047912598
2013,446110,.0051805973
2014,446110,-.02571249
2015,446110,-.020372748
2001,447110,-.014218092
2002,447110,.010164142
2003,447110,-.021336555
2004,447110,-.032920718
2005,447110,-.050838351
2006,447110,-.0056716204
2007,447110,-.012860417
2008,447110,-.017528713
2009,447110,.046714604
2010,447110,-.0082759261
2011,447110,-.055066764
2012,447110,-.0014970899
2013,447110,.0072701573
2014,447110,.020573914
2015,447110,.050253153
2001,448110,-.082064152
2002,448110,-.0098838806
2003,448110,.029373407
2004,448110,.039110422
2005,448110,.035596251
2006,448110,.067320108
2007,448110,.090801716
2008,448110,-.062200546
2009,448110,-.041968822
2010,448110,.00015985966
2011,448110,.023459077
2012,448110,.021616459
2013,448110,-.0099436045
2014,448110,-.035053372
2015,448110,-.00062739849
2001,448130,-.051215291
2002,448130,.010623097
2003,448130,.0042403936
2004,448130,.021695375
2005,448130,.022339225
2006,448130,.014712334
2007,448130,-.073079586
2008,448130,.016254544
2009,448130,.032005072
2010,448130,-.012037396
2011,448130,-.021147609
2012,448130,-.011243701
2013,448130,-.022969365
2014,448130,-.036625147
2015,448130,.018262386
2001,448140,-.048413277
2002,448140,.021746039
2003,448140,.025209665
2004,448140,.014969349
2005,448140,.04287219
2006,448140,.0010044575
2007,448140,.016126633
2008,448140,.00039422512
2009,448140,.01365447
2010,448140,.00096487999
2011,448140,-.030041575
2012,448140,.020085335
2013,448140,-.011327267
2014,448140,-.018717289
2015,448140,-.018893361
2001,448190,-.033232689
2002,448190,.04052496
2003,448190,-.0081745386
2004,448190,.0031167269
2005,448190,-.012540102
2006,448190,.034074426
2007,448190,-.051150322
2008,448190,-.0077044964
2009,448190,.047180533
2010,448190,.050560713
2011,448190,.027985096
2012,448190,.077998281
2013,448190,-.032867193
2014,448190,.02583158
2015,448190,.020956278
2001,448210,-.0082832575
2002,448210,-.0021529198
2003,448210,-.01078701
2004,448210,.03113389
2005,448210,.0065498352
2006,448210,.014015079
2007,448210,-.025631905
2008,448210,.011000633
2009,448210,.028536201
2010,448210,.023055077
2011,448210,-.032594323
2012,448210,.022494793
2013,448210,-.010696054
2014,448210,-.0081657171
2015,448210,-.0075517893
2001,451110,-.00030469894
2002,451110,.041324735
2003,451110,.006454587
2004,451110,.019213319
2005,451110,.00553298
2006,451110,.057852268
2007,451110,.0094097853
2008,451110,-.015420198
2009,451110,.0038411617
2010,451110,.032385349
2011,451110,.020941615
2012,451110,.01641643
2013,451110,.011686683
2014,451110,-.00071871281
2015,451110,-.006319046
2001,451120,.0090463161
2002,451120,.014606595
2003,451120,.015610814
2004,451120,.008774519
2005,451120,.031470656
2006,451120,.031101465
2007,451120,.016860485
2008,451120,-.007289052
2009,451120,.0072953701
2010,451120,.010843992
2011,451120,.0084682703
2012,451120,.014039516
2013,451120,-.023044705
2014,451120,.020349503
2015,451120,.0026429892
2001,451211,.00074136257
2002,451211,-.0011907816
2003,451211,.014231324
2004,451211,.036975265
2005,451211,.0034229755
2006,451211,-.012651086
2007,451211,-.006557703
2008,451211,-.00033450127
2009,451211,-.023053646
2010,451211,-.059086084
2011,451211,.069370389
2012,451211,-.043563366
2013,451211,.055118203
2014,451211,.02380085
2015,451211,.016663551
2001,452210,-.0080808401
2002,452210,.023624778
2003,452210,.05821836
2004,452210,.026445389
2005,452210,.00055360794
2006,452210,-.0013757944
2007,452210,-.0081318617
2008,452210,-.02410388
2009,452210,.032111168
2010,452210,.010573268
2011,452210,-.02122128
2012,452210,-.029695034
2013,452210,-.0036889315
2014,452210,.022103429
2015,452210,-.0042778254
2001,452311,.0045306683
2002,452311,.0063698292
2003,452311,.0048623085
2004,452311,.003436923
2005,452311,.0015666485
2006,452311,.00097763538
2007,452311,.0042088032
2008,452311,.0022220612
2009,452311,.0059945583
2010,452311,.0024272203
2011,452311,.0026402473
2012,452311,.00025868416
2013,452311,.0030597448
2014,452311,.0020772219
2015,452311,.007588625
2001,452319,-.00098323822
2002,452319,.013329744
2003,452319,.019482493
2004,452319,.0042971373
2005,452319,.0052747726
2006,452319,.0090326071
2007,452319,.0040274858
2008,452319,.00099492073
2009,452319,.019509673
2010,452319,-.0033345222
2011,452319,-.0018671751
2012,452319,-.0015678406
2013,452319,-.002738595
2014,452319,.00076401234
2015,452319,.0056667328
2001,453998,.027426481
2002,453998,.012460113
2003,453998,.036806941
2004,453998,.001706481
2005,453998,-.022731185
2006,453998,.0234797
2007,453998,.0021742582
2008,453998,-.019067407
2009,453998,.012948275
2010,453998,-.0053129196
2011,453998,-.0019857883
2012,453998,.0032442808
2013,453998,.024435759
2014,453998,-.0035862923
2015,453998,.0064047575
2001,481211,.027357101
2002,481211,.025833607
2003,481211,.017248273
2004,481211,.0078971386
2005,481211,-.0031819344
2006,481211,-.052152991
2007,481211,.086902857
2008,481211,.0047910213
2009,481211,.014092922
2010,481211,.031027675
2011,481211,-.069564223
2012,481211,.024107575
2013,481211,-.022458792
2014,481211,.012268782
2015,481211,-.034687877
2001,483112,-.0097711086
2002,483112,.014878035
2003,483112,-.069708109
2004,483112,.064315796
2005,483112,.0019986629
2006,483112,-.0244807
2007,483112,-.032434106
2008,483112,-.072257519
2009,483112,-.0052000284
2010,483112,-.016284585
2011,483112,-.028799772
2012,483112,-.039650321
2013,483112,-.017485023
2014,483112,.057285786
2015,483112,.091439486
2001,483113,.032769322
2002,483113,-.025742531
2003,483113,-.048350334
2004,483113,.012419581
2005,483113,-.049357295
2006,483113,.00723207
2007,483113,-.019575834
2008,483113,-.033652782
2009,483113,.0033915043
2010,483113,.015278339
2011,483113,.026458383
2012,483113,-.035400987
2013,483113,-.014714837
2014,483113,.022913575
2015,483113,.030163169
2001,483211,.033825278
2002,483211,.071407557
2003,483211,-.0058151484
2004,483211,.018855095
2005,483211,-.010164022
2006,483211,.0031446218
2007,483211,.033488274
2008,483211,-.015188932
2009,483211,.087203741
2010,483211,-.066641212
2011,483211,-.088827968
2012,483211,-.0051672459
2013,483211,.04361248
2014,483211,-.027436376
2015,483211,.046983838
2001,484121,.0054577589
2002,484121,-.013911605
2003,484121,.0040998459
2004,484121,.0058790445
2005,484121,.010442257
2006,484121,.012205362
2007,484121,.0062063932
2008,484121,-.0075594187
2009,484121,.016359687
2010,484121,-.026780605
2011,484121,.010045052
2012,484121,-.0062946081
2013,484121,-.010212064
2014,484121,.0017905235
2015,484121,.017360091
2001,512131,.025472879
2002,512131,.014615655
2003,512131,.022851825
2004,512131,.0085417032
2005,512131,.0067250729
2006,512131,-.03769958
2007,512131,.066480875
2008,512131,-.016193986
2009,512131,.030522227
2010,512131,-.013838172
2011,512131,.016722798
2012,512131,.0039390326
2013,512131,-.065667391
2014,512131,.053885221
2015,512131,.010454774
2001,518210,.047284722
2002,518210,-.014718652
2003,518210,-.0493716
2004,518210,-.012696147
2005,518210,-.034374952
2006,518210,-.056090832
2007,518210,-.018345952
2008,518210,.031919122
2009,518210,.0070790052
2010,518210,.025496364
2011,518210,.014915943
2012,518210,.051823139
2013,518210,.049630165
2014,518210,-.030072927
2015,518210,.024301052
2001,541211,-.032873511
2002,541211,-.008038044
2003,541211,-.01319778
2004,541211,.011728644
2005,541211,-.0054388046
2006,541211,-.0027214289
2007,541211,-.018875122
2008,541211,.0019803047
2009,541211,.014229894
2010,541211,-.01137495
2011,541211,-.004860878
2012,541211,.0036045313
2013,541211,-.0097209215
2014,541211,.012974143
2015,541211,.0026400089
2001,541330,-.035880566
2002,541330,-.070287347
2003,541330,.011650562
2004,541330,.026188016
2005,541330,.012954593
2006,541330,-.027138591
2007,541330,-.041462123
2008,541330,-.00893718
2009,541330,.022876859
2010,541330,.0096498728
2011,541330,-.020602942
2012,541330,.011982799
2013,541330,.049802542
2014,541330,-.0054408312
2015,541330,-.02609098
2001,541611,-.000091075897
2002,541611,-.057929873
2003,541611,-.072755575
2004,541611,-.030579925
2005,541611,-.012779593
2006,541611,.0050268173
2007,541611,-.0174191
2008,541611,.016756773
2009,541611,.021189809
2010,541611,.030467629
2011,541611,-.011521339
2012,541611,-.0058083534
2013,541611,.017535567
2014,541611,-.0041753054
2015,541611,.0080881119
2001,541612,-.0053520203
2002,541612,-.019151807
2003,541612,.050795138
2004,541612,.058457851
2005,541612,.040839553
2006,541612,.014936328
2007,541612,.023131728
2008,541612,-.0044656992
2009,541612,.033096313
2010,541612,-.028154373
2011,541612,.041366339
2012,541612,.032140136
2013,541612,.02731216
2014,541612,.032544971
2015,541612,.016758561
2001,541620,.021377683
2002,541620,-.08041954
2003,541620,-.023487806
2004,541620,-.045322001
2005,541620,-.0083008409
2006,541620,.049531341
2007,541620,.022821069
2008,541620,-.0087603331
2009,541620,-.000192523
2010,541620,.01375699
2011,541620,-.0085874796
2012,541620,-.054879844
2013,541620,-.021749854
2014,541620,-.00063288212
2015,541620,.022270679
2001,541714,.055312514
2002,541714,-.030461431
2003,541714,-.013866782
2004,541714,.00074338913
2005,541714,-.081510663
2006,541714,.050243974
2007,541714,.0019344091
2008,541714,-.0077806711
2009,541714,-.016302347
2010,541714,-.068091512
2011,541714,-.093063474
2012,541714,.0066969395
2013,541714,.021812558
2014,541714,.067321539
2015,541714,.054468989
2001,541860,.025473833
2002,541860,-.0029047728
2003,541860,-.020120025
2004,541860,-.026537538
2005,541860,-.023196101
2006,541860,-.023906469
2007,541860,.001038909
2008,541860,-.045311809
2009,541860,-.0080776215
2010,541860,-.0009585619
2011,541860,-.023001015
2012,541860,.0071666241
2013,541860,.011004865
2014,541860,-.016394675
2015,541860,-.012658834
2001,541940,.020136356
2002,541940,.039492369
2003,541940,-.03243041
2004,541940,-.0095613003
2005,541940,-.0058602095
2006,541940,.0096576214
2007,541940,.0071771145
2008,541940,-.021017909
2009,541940,-.0043003559
2010,541940,-.018276811
2011,541940,-.011800289
2012,541940,.0013655424
2013,541940,.0066468716
2014,541940,.0051702261
2015,541940,.0077978373
2001,561320,-.017954946
2002,561320,-.026913166
2003,561320,-.011282086
2004,561320,.0031844378
2005,561320,.0087316036
2006,561320,.0076208115
2007,561320,.037275672
2008,561320,-.0041699409
2009,561320,-.027541399
2010,561320,-.0048780441
2011,561320,.0022419691
2012,561320,.0041023493
2013,561320,.0025316477
2014,561320,.0094929934
2015,561320,.011080742
2001,561613,.00053489208
2002,561613,.0075093508
2003,561613,-.016713023
2004,561613,.0096765757
2005,561613,.084931731
2006,561613,.056262732
2007,561613,.0046471357
2008,561613,-.076363087
2009,561613,-.018481612
2010,561613,-.005138278
2011,561613,-.0079967976
2012,561613,.0095940828
2013,561613,.0025856495
2014,561613,-.02282095
2015,561613,.029200315
2001,561720,-.017897129
2002,561720,-.012240887
2003,561720,-.0031657219
2004,561720,-.00060594082
2005,561720,.0093866587
2006,561720,.016821742
2007,561720,-.031493783
2008,561720,.0030044913
2009,561720,-.0028122067
2010,561720,.0031091571
2011,561720,.0013623834
2012,561720,-.0041794777
2013,561720,-.00055712461
2014,561720,-.0062626004
2015,561720,.0059533119
2001,562111,.017079353
2002,562111,-.037103653
2003,562111,-.067278504
2004,562111,-.022963047
2005,562111,-.012404561
2006,562111,.026267529
2007,562111,.044516206
2008,562111,-.00051355362
2009,562111,.048532605
2010,562111,-.0066789389
2011,562111,-.025113106
2012,562111,-.032408595
2013,562111,-.00048494339
2014,562111,-.0027990341
2015,562111,.032536507
2001,562920,-.0074953437
2002,562920,-.0079273582
2003,562920,-.0071596503
2004,562920,-.0034188628
2005,562920,.0074231029
2006,562920,.099140823
2007,562920,-.00042283535
2008,562920,-.01655674
2009,562920,-.028849661
2010,562920,-.034368038
2011,562920,-.047554791
2012,562920,.020076215
2013,562920,-.04030633
2014,562920,.0048372149
2015,562920,-.066560209
2001,621340,.032463551
2002,621340,.0022355318
2003,621340,-.011684179
2004,621340,-.012819052
2005,621340,.038945913
2006,621340,-.011109114
2007,621340,-.010267019
2008,621340,.025574327
2009,621340,.036165953
2010,621340,.0092535019
2011,621340,-.020953655
2012,621340,-.010552287
2013,621340,-.0038025379
2014,621340,.0010333061
2015,621340,-.018793941
2001,621492,.0070723295
2002,621492,-.044598222
2003,621492,-.000041007996
2004,621492,-.00048565865
2005,621492,.0082745552
2006,621492,-.013206005
2007,621492,.024550676
2008,621492,-.0074666739
2009,621492,-.0011820793
2010,621492,.0097769499
2011,621492,.035177112
2012,621492,-.042789578
2013,621492,-.039064407
2014,621492,-.019994259
2015,621492,.012304187
2001,621511,.031191945
2002,621511,.044093847
2003,621511,.0036424398
2004,621511,-.00505054
2005,621511,.0078878403
2006,621511,.017062902
2007,621511,-.0017193556
2008,621511,.0070232153
2009,621511,.020501018
2010,621511,-.031476378
2011,621511,-.0025006533
2012,621511,-.019631386
2013,621511,-.024670243
2014,621511,-.03772068
2015,621511,-.028121591
2001,621512,.0601753
2002,621512,.068605423
2003,621512,-.061528683
2004,621512,-.09121418
2005,621512,-.06178391
2006,621512,-.022222638
2007,621512,-.063451409
2008,621512,.024862647
2009,621512,.01785481
2010,621512,-.020326972
2011,621512,-.0239923
2012,621512,-.025086045
2013,621512,.016170144
2014,621512,-.01273787
2015,621512,-.048523068
2001,621610,-.016924143
2002,621610,-.0044547319
2003,621610,-.015936017
2004,621610,.017797112
2005,621610,.013535261
2006,621610,.062017083
2007,621610,.043978572
2008,621610,.045168519
2009,621610,.061145425
2010,621610,.0023851395
2011,621610,-.060539722
2012,621610,.050263286
2013,621610,-.082794547
2014,621610,-.081827521
2015,621610,.0071915388
2001,622310,-.012032151
2002,622310,-.026724339
2003,622310,-.038465261
2004,622310,.062217474
2005,622310,-.060543656
2006,622310,-.081178904
2007,622310,-.0084635019
2008,622310,.002010107
2009,622310,.021191001
2010,622310,-.0050083399
2011,622310,.0777421
2012,622310,-.0076385736
2013,622310,.00088012218
2014,622310,-.001883626
2015,622310,-.028689742
2001,623311,-.046773374
2002,623311,.0074171424
2003,623311,.019569397
2004,623311,.062550068
2005,623311,-.012774467
2006,623311,.046176314
2007,623311,.010434866
2008,623311,-.011859298
2009,623311,.0026568174
2010,623311,.080006242
2011,623311,-.019288659
2012,623311,-.028665423
2013,623311,.0098130703
2014,623311,.0069092512
2015,623311,.013288498
2001,623312,-.013860345
2002,623312,-.023918867
2003,623312,-.070694685
2004,623312,-.052608609
2005,623312,.0042186975
2006,623312,.035577893
2007,623312,-.063941479
2008,623312,.018880248
2009,623312,.021397829
2010,623312,.03956759
2011,623312,-.0085920095
2012,623312,.063183904
2013,623312,.023367167
2014,623312,-.008769393
2015,623312,.015465736
2001,721120,.022068858
2002,721120,.041215181
2003,721120,-.020827293
2004,721120,.032940984
2005,721120,.020740628
2006,721120,.032075286
2007,721120,-.072789907
2008,721120,-.093481898
2009,721120,-.035447478
2010,721120,-.01209867
2011,721120,.039159536
2012,721120,-.019769669
2013,721120,.027079225
2014,721120,.030673623
2015,721120,.033602357
2001,722310,-.01311636
2002,722310,.013553262
2003,722310,-.0034059286
2004,722310,.0095192194
2005,722310,.0046423674
2006,722310,-.0081955194
2007,722310,-.0018545389
2008,722310,-.011689544
2009,722310,.030516386
2010,722310,-.011164665
2011,722310,-.00042164326
2012,722310,.00089991093
2013,722310,-.007933259
2014,722310,.0012761354
2015,722310,.0067890882
2001,722513,-.020057678
2002,722513,-.0055196285
2003,722513,-.0068160295
2004,722513,.0060503483
2005,722513,-.0036087036
2006,722513,.012235045
2007,722513,.0029600859
2008,722513,.0071321726
2009,722513,.039673686
2010,722513,.029999614
2011,722513,-.0030560493
2012,722513,.010084748
2013,722513,.060248733
2014,722513,.011250496
2015,722513,-.051365376
2001,722514,-.075875878
2002,722514,.0069259405
2003,722514,.039512694
2004,722514,.020090401
2005,722514,.030772328
2006,722514,-.0037999153
2007,722514,.0034985542
2008,722514,-.045585513
2009,722514,-.025421202
2010,722514,.030165493
2011,722514,.0064674616
2012,722514,.057091236
2013,722514,-.024493456
2014,722514,-.007111907
2015,722514,.021927118
2001,812930,-.088343859
2002,812930,-.054942489
2003,812930,-.03311789
2004,812930,.0017578602
2005,812930,-.007502079
2006,812930,.011982083
2007,812930,.0081781149
2008,812930,-.0108217
2009,812930,-.01297152
2010,812930,.0047107935
2011,812930,.0020515919
2012,812930,-.0073465109
2013,812930,.0093907118
2014,812930,-.0036227703
2015,812930,-.0083560944
